round,transcript,call,tool,result_chars,is_error,pinned,fact_bearing,keep_call,keep_result,action,keep_result_nopremise,keep_call_nopremise,action_nopremise,keep_result_noconj,keep_call_noconj,action_noconj
0,t1,1,Skill,45,0,0,0,0.25,0.08,drop_call,0.08,0.27,drop_call,0.11,0.28,drop_call
0,t1,2,Skill,42,0,0,0,0.26,0.07,drop_call,0.08,0.29,drop_call,0.11,0.3,drop_call
0,t1,3,Read,6640,0,0,0,0.37,0.15,drop_call,0.26,0.41,drop_call,0.42,0.45,drop_call
0,t1,4,Bash,211,0,0,0,0.21,0.09,drop_call,0.12,0.22,drop_call,0.17,0.22,drop_call
0,t1,5,Read,16162,0,0,0,0.32,0.12,drop_call,0.18,0.36,drop_call,0.3,0.39,drop_call
0,t1,6,Read,16054,0,0,0,0.32,0.12,drop_call,0.17,0.33,drop_call,0.29,0.38,drop_call
0,t1,7,Bash,1961,0,0,0,0.31,0.13,drop_call,0.16,0.33,drop_call,0.24,0.36,drop_call
0,t1,8,Bash,4554,0,0,0,0.33,0.13,drop_call,0.17,0.36,drop_call,0.25,0.39,drop_call
0,t1,9,Bash,1631,0,0,0,0.34,0.14,drop_call,0.2,0.39,drop_call,0.27,0.4,drop_call
0,t1,10,Bash,8972,0,0,0,0.4,0.16,drop_call,0.23,0.46,drop_call,0.35,0.47,drop_call
0,t1,11,Bash,14705,0,0,1,0.39,0.14,drop_call,0.19,0.39,drop_call,0.29,0.45,drop_call
0,t1,12,Bash,6034,0,0,0,0.34,0.14,drop_call,0.18,0.34,drop_call,0.29,0.38,drop_call
0,t1,13,Bash,5221,0,0,0,0.29,0.13,drop_call,0.18,0.33,drop_call,0.27,0.35,drop_call
0,t1,14,Bash,4809,0,0,0,0.27,0.13,drop_call,0.18,0.3,drop_call,0.25,0.32,drop_call
0,t1,15,Bash,507,0,0,1,0.31,0.14,drop_call,0.2,0.36,drop_call,0.26,0.36,drop_call
0,t1,16,Bash,4,0,0,0,0.3,0.1,drop_call,0.13,0.3,drop_call,0.15,0.34,drop_call
0,t1,17,Bash,2312,0,0,0,0.28,0.13,drop_call,0.17,0.3,drop_call,0.22,0.3,drop_call
0,t1,18,Bash,5273,0,0,1,0.32,0.14,drop_call,0.19,0.35,drop_call,0.26,0.35,drop_call
0,t1,19,Bash,1292,0,0,1,0.27,0.13,drop_call,0.17,0.27,drop_call,0.24,0.31,drop_call
0,t1,20,Bash,4128,0,0,0,0.32,0.14,drop_call,0.2,0.32,drop_call,0.28,0.35,drop_call
0,t1,21,Bash,2219,0,0,0,0.29,0.15,drop_call,0.18,0.33,drop_call,0.25,0.35,drop_call
0,t1,22,Bash,3975,0,0,0,0.36,0.13,drop_call,0.19,0.34,drop_call,0.28,0.37,drop_call
0,t1,23,Bash,263,0,0,0,0.29,0.11,drop_call,0.16,0.3,drop_call,0.21,0.32,drop_call
0,t1,24,Bash,2494,0,0,0,0.3,0.14,drop_call,0.19,0.32,drop_call,0.27,0.35,drop_call
0,t1,25,Bash,248,0,0,0,0.27,0.13,drop_call,0.15,0.25,drop_call,0.23,0.32,drop_call
0,t1,26,Bash,2503,0,0,0,0.32,0.15,drop_call,0.2,0.34,drop_call,0.26,0.36,drop_call
0,t1,27,Bash,657,0,0,0,0.28,0.14,drop_call,0.18,0.28,drop_call,0.24,0.31,drop_call
0,t1,28,Bash,4297,0,0,0,0.34,0.15,drop_call,0.21,0.33,drop_call,0.28,0.37,drop_call
0,t1,29,Bash,2628,0,0,0,0.27,0.14,drop_call,0.18,0.29,drop_call,0.22,0.3,drop_call
0,t1,30,Bash,2139,0,0,0,0.32,0.17,drop_call,0.2,0.32,drop_call,0.28,0.36,drop_call
0,t1,31,Bash,118,1,0,1,0.22,0.09,drop_call,0.12,0.22,drop_call,0.16,0.23,drop_call
0,t1,32,Bash,4467,0,0,0,0.31,0.15,drop_call,0.2,0.29,drop_call,0.28,0.34,drop_call
0,t1,33,Bash,16,1,0,0,0.24,0.07,drop_call,0.1,0.24,drop_call,0.13,0.27,drop_call
0,t1,34,Bash,171,0,0,0,0.23,0.11,drop_call,0.14,0.25,drop_call,0.2,0.25,drop_call
0,t1,35,Bash,672,0,0,0,0.32,0.15,drop_call,0.21,0.34,drop_call,0.33,0.38,drop_call
0,t1,36,Bash,1586,0,0,1,0.33,0.15,drop_call,0.21,0.33,drop_call,0.3,0.37,drop_call
0,t1,37,Bash,2444,0,0,1,0.33,0.16,drop_call,0.2,0.39,drop_call,0.35,0.4,drop_call
0,t1,38,Bash,1068,0,0,0,0.3,0.15,drop_call,0.19,0.33,drop_call,0.27,0.35,drop_call
0,t1,39,Bash,1651,0,0,0,0.3,0.14,drop_call,0.19,0.31,drop_call,0.27,0.32,drop_call
0,t1,40,Bash,436,0,0,0,0.28,0.13,drop_call,0.18,0.27,drop_call,0.25,0.32,drop_call
0,t1,41,Bash,1121,0,0,0,0.26,0.14,drop_call,0.16,0.27,drop_call,0.22,0.29,drop_call
0,t1,42,Bash,356,0,0,1,0.24,0.12,drop_call,0.16,0.26,drop_call,0.24,0.25,drop_call
0,t1,43,Bash,2795,0,0,0,0.28,0.14,drop_call,0.17,0.29,drop_call,0.23,0.3,drop_call
0,t1,44,Bash,61,0,0,0,0.2,0.08,drop_call,0.11,0.2,drop_call,0.15,0.2,drop_call
0,t1,45,Write,174,0,0,0,0.45,0.18,drop_call,0.24,0.46,drop_call,0.29,0.49,drop_call
0,t1,46,Bash,2898,0,0,1,0.32,0.13,drop_call,0.17,0.34,drop_call,0.26,0.36,drop_call
0,t1,47,Bash,111,0,0,0,0.28,0.13,drop_call,0.15,0.29,drop_call,0.22,0.28,drop_call
0,t1,48,Edit,184,0,0,0,0.37,0.17,drop_call,0.2,0.38,drop_call,0.27,0.37,drop_call
0,t1,49,Bash,1144,0,0,0,0.26,0.14,drop_call,0.18,0.26,drop_call,0.25,0.27,drop_call
0,t1,50,Bash,641,0,1,1,,,pinned,,,pinned,,,pinned
0,t1,51,Bash,992,0,1,0,,,pinned,,,pinned,,,pinned
0,t1,52,Bash,359,0,1,0,,,pinned,,,pinned,,,pinned
0,t2,1,Read,5467,0,0,0,0.43,0.2,drop_call,0.34,0.51,drop_result,0.51,0.48,keep
0,t2,2,Bash,1752,0,0,0,0.26,0.12,drop_call,0.18,0.34,drop_call,0.2,0.33,drop_call
0,t2,3,Bash,2344,0,0,0,0.23,0.11,drop_call,0.16,0.29,drop_call,0.2,0.28,drop_call
0,t2,4,Bash,25283,0,0,0,0.24,0.12,drop_call,0.19,0.29,drop_call,0.22,0.28,drop_call
0,t2,5,Bash,321,1,0,1,0.2,0.1,drop_call,0.13,0.23,drop_call,0.15,0.22,drop_call
0,t2,6,Bash,17687,0,0,0,0.23,0.12,drop_call,0.18,0.27,drop_call,0.19,0.26,drop_call
0,t2,7,Bash,6151,0,0,0,0.25,0.12,drop_call,0.16,0.31,drop_call,0.19,0.31,drop_call
0,t2,8,Bash,8609,0,0,0,0.29,0.12,drop_call,0.19,0.36,drop_call,0.23,0.32,drop_call
0,t2,9,Bash,10031,0,0,0,0.23,0.11,drop_call,0.15,0.25,drop_call,0.16,0.24,drop_call
0,t2,10,Bash,2320,0,0,1,0.2,0.12,drop_call,0.17,0.26,drop_call,0.18,0.24,drop_call
0,t2,11,Read,40896,0,0,0,0.25,0.17,drop_call,0.23,0.3,drop_call,0.21,0.32,drop_call
0,t2,12,Bash,3452,0,0,0,0.21,0.11,drop_call,0.16,0.24,drop_call,0.18,0.24,drop_call
0,t2,13,Bash,8875,0,0,0,0.27,0.13,drop_call,0.18,0.32,drop_call,0.21,0.33,drop_call
0,t2,14,Bash,3154,0,0,0,0.25,0.13,drop_call,0.19,0.3,drop_call,0.24,0.3,drop_call
0,t2,15,Bash,3451,0,0,0,0.25,0.13,drop_call,0.19,0.3,drop_call,0.21,0.29,drop_call
0,t2,16,Bash,867,0,0,1,0.21,0.11,drop_call,0.16,0.25,drop_call,0.2,0.24,drop_call
0,t2,17,Bash,939,0,0,0,0.26,0.12,drop_call,0.17,0.3,drop_call,0.22,0.3,drop_call
0,t2,18,Bash,2698,0,0,0,0.25,0.12,drop_call,0.18,0.3,drop_call,0.21,0.29,drop_call
0,t2,19,Bash,1444,0,0,0,0.27,0.14,drop_call,0.19,0.31,drop_call,0.25,0.3,drop_call
0,t2,20,Bash,6405,0,0,0,0.23,0.13,drop_call,0.19,0.27,drop_call,0.21,0.26,drop_call
0,t2,21,Bash,260,0,0,0,0.23,0.11,drop_call,0.14,0.27,drop_call,0.19,0.26,drop_call
0,t2,22,Bash,1368,0,0,0,0.26,0.14,drop_call,0.2,0.3,drop_call,0.25,0.3,drop_call
0,t2,23,Bash,950,0,0,0,0.26,0.14,drop_call,0.19,0.28,drop_call,0.24,0.28,drop_call
0,t2,24,Bash,175,0,0,1,0.2,0.1,drop_call,0.14,0.24,drop_call,0.16,0.24,drop_call
0,t2,25,Bash,21039,0,0,0,0.21,0.12,drop_call,0.17,0.25,drop_call,0.19,0.24,drop_call
0,t2,26,Bash,2413,0,0,0,0.25,0.12,drop_call,0.17,0.29,drop_call,0.2,0.28,drop_call
0,t2,27,Bash,581,0,0,0,0.25,0.12,drop_call,0.16,0.29,drop_call,0.22,0.28,drop_call
0,t2,28,Bash,997,0,0,0,0.22,0.11,drop_call,0.16,0.26,drop_call,0.21,0.24,drop_call
0,t2,29,Bash,1155,0,0,0,0.22,0.12,drop_call,0.16,0.25,drop_call,0.22,0.25,drop_call
0,t2,30,Bash,2117,0,0,0,0.25,0.14,drop_call,0.21,0.26,drop_call,0.25,0.27,drop_call
0,t2,31,Bash,1077,0,0,0,0.22,0.13,drop_call,0.19,0.24,drop_call,0.21,0.24,drop_call
0,t2,32,Bash,1085,0,0,0,0.24,0.12,drop_call,0.17,0.26,drop_call,0.22,0.26,drop_call
0,t2,33,Bash,296,0,0,0,0.21,0.11,drop_call,0.14,0.25,drop_call,0.2,0.24,drop_call
0,t2,34,Bash,721,0,0,0,0.21,0.11,drop_call,0.18,0.24,drop_call,0.22,0.24,drop_call
0,t2,35,Bash,866,0,0,0,0.2,0.11,drop_call,0.16,0.23,drop_call,0.21,0.24,drop_call
0,t2,36,Bash,521,1,0,1,0.2,0.1,drop_call,0.13,0.23,drop_call,0.15,0.23,drop_call
0,t2,37,Bash,4241,0,0,1,0.23,0.13,drop_call,0.17,0.26,drop_call,0.18,0.26,drop_call
0,t2,38,Read,151,0,0,0,0.21,0.14,drop_call,0.18,0.22,drop_call,0.19,0.22,drop_call
0,t2,39,Bash,246,1,0,1,0.19,0.08,drop_call,0.12,0.22,drop_call,0.15,0.2,drop_call
0,t2,40,Bash,2880,0,0,0,0.21,0.12,drop_call,0.18,0.25,drop_call,0.2,0.24,drop_call
0,t2,41,Bash,1816,0,0,0,0.22,0.12,drop_call,0.16,0.23,drop_call,0.22,0.24,drop_call
0,t2,42,Bash,205,0,0,0,0.2,0.1,drop_call,0.13,0.23,drop_call,0.18,0.22,drop_call
0,t2,43,Bash,880,0,0,0,0.19,0.12,drop_call,0.16,0.22,drop_call,0.21,0.22,drop_call
0,t2,44,Bash,700,0,0,1,0.24,0.13,drop_call,0.19,0.27,drop_call,0.26,0.26,drop_call
0,t2,45,Bash,42,0,0,0,0.22,0.09,drop_call,0.12,0.24,drop_call,0.16,0.25,drop_call
0,t2,46,Bash,355,0,0,0,0.22,0.12,drop_call,0.16,0.24,drop_call,0.24,0.24,drop_call
0,t2,47,Bash,1168,0,0,0,0.21,0.13,drop_call,0.18,0.22,drop_call,0.23,0.24,drop_call
0,t2,48,Bash,1121,0,0,0,0.21,0.13,drop_call,0.17,0.22,drop_call,0.21,0.22,drop_call
0,t2,49,Bash,3155,0,0,0,0.25,0.13,drop_call,0.18,0.27,drop_call,0.21,0.25,drop_call
0,t2,50,Bash,1034,0,0,0,0.23,0.13,drop_call,0.17,0.25,drop_call,0.21,0.25,drop_call
0,t2,51,Bash,534,0,0,0,0.24,0.1,drop_call,0.13,0.24,drop_call,0.2,0.25,drop_call
0,t2,52,Bash,86,1,0,1,0.22,0.08,drop_call,0.14,0.24,drop_call,0.17,0.24,drop_call
0,t2,53,PowerShell,16256,0,0,1,0.25,0.14,drop_call,0.2,0.3,drop_call,0.22,0.3,drop_call
0,t2,54,Bash,2716,0,0,0,0.23,0.14,drop_call,0.17,0.27,drop_call,0.2,0.27,drop_call
0,t2,55,PowerShell,7567,0,1,1,,,pinned,,,pinned,,,pinned
0,t2,56,Bash,6247,0,1,0,,,pinned,,,pinned,,,pinned
0,t2,57,Bash,10,0,1,1,,,pinned,,,pinned,,,pinned
0,t3,1,Read,3097,0,0,0,0.38,0.16,drop_call,0.24,0.41,drop_call,0.44,0.43,drop_call
0,t3,2,PowerShell,313,0,0,1,0.28,0.14,drop_call,0.19,0.31,drop_call,0.29,0.3,drop_call
0,t3,3,Read,2817,0,0,0,0.37,0.2,drop_call,0.27,0.44,drop_call,0.41,0.42,drop_call
0,t3,4,PowerShell,64,1,0,1,0.26,0.12,drop_call,0.18,0.3,drop_call,0.23,0.32,drop_call
0,t3,5,Write,160,0,0,0,0.32,0.12,drop_call,0.2,0.38,drop_call,0.34,0.4,drop_call
0,t3,6,PowerShell,405,0,0,0,0.33,0.13,drop_call,0.17,0.39,drop_call,0.24,0.39,drop_call
0,t3,7,PowerShell,31,0,0,0,0.31,0.12,drop_call,0.17,0.36,drop_call,0.22,0.36,drop_call
0,t3,8,Read,4452,0,0,0,0.31,0.19,drop_call,0.26,0.34,drop_call,0.34,0.34,drop_call
0,t3,9,Bash,130,0,0,1,0.24,0.14,drop_call,0.17,0.27,drop_call,0.26,0.28,drop_call
0,t3,10,PowerShell,426,0,0,0,0.25,0.18,drop_call,0.24,0.28,drop_call,0.43,0.27,drop_call
0,t3,11,PowerShell,2513,0,0,0,0.34,0.16,drop_call,0.22,0.39,drop_call,0.33,0.4,drop_call
0,t3,12,Bash,987,0,0,0,0.32,0.16,drop_call,0.2,0.37,drop_call,0.32,0.37,drop_call
0,t3,13,PowerShell,727,0,0,1,0.28,0.15,drop_call,0.19,0.33,drop_call,0.29,0.29,drop_call
0,t3,14,PowerShell,423,0,0,1,0.34,0.16,drop_call,0.2,0.4,drop_call,0.28,0.38,drop_call
0,t3,15,Write,158,0,0,0,0.33,0.13,drop_call,0.19,0.39,drop_call,0.37,0.4,drop_call
0,t3,16,PowerShell,13221,0,0,0,0.27,0.2,drop_call,0.31,0.31,drop_call,0.4,0.32,drop_call
0,t3,17,Write,160,0,0,0,0.32,0.13,drop_call,0.21,0.37,drop_call,0.36,0.39,drop_call
0,t3,18,PowerShell,9737,0,0,0,0.26,0.2,drop_call,0.29,0.29,drop_call,0.35,0.32,drop_call
0,t3,19,Bash,8637,0,0,0,0.32,0.17,drop_call,0.23,0.35,drop_call,0.33,0.39,drop_call
0,t3,20,PowerShell,423,0,0,0,0.25,0.18,drop_call,0.24,0.28,drop_call,0.29,0.28,drop_call
0,t3,21,PowerShell,9153,0,0,1,0.28,0.17,drop_call,0.26,0.3,drop_call,0.31,0.3,drop_call
0,t3,22,PowerShell,5101,0,0,1,0.26,0.16,drop_call,0.24,0.28,drop_call,0.29,0.28,drop_call
0,t3,23,Write,160,0,0,0,0.31,0.13,drop_call,0.2,0.37,drop_call,0.37,0.4,drop_call
0,t3,24,PowerShell,898,0,0,1,0.28,0.19,drop_call,0.28,0.31,drop_call,0.43,0.35,drop_call
0,t3,25,PowerShell,405,0,0,0,0.32,0.11,drop_call,0.13,0.37,drop_call,0.19,0.37,drop_call
0,t3,26,PowerShell,407,1,0,0,0.27,0.14,drop_call,0.19,0.3,drop_call,0.25,0.31,drop_call
0,t3,27,PowerShell,2276,0,0,1,0.34,0.18,drop_call,0.26,0.37,drop_call,0.35,0.37,drop_call
0,t3,28,PowerShell,15093,0,0,0,0.31,0.22,drop_call,0.3,0.34,drop_call,0.41,0.36,drop_call
0,t3,29,PowerShell,1443,0,0,0,0.35,0.23,drop_call,0.3,0.37,drop_call,0.41,0.39,drop_call
0,t3,30,Bash,5620,0,0,0,0.36,0.17,drop_call,0.24,0.38,drop_call,0.37,0.41,drop_call
0,t3,31,Bash,2274,0,0,0,0.34,0.21,drop_call,0.27,0.33,drop_call,0.43,0.36,drop_call
0,t3,32,Write,160,0,0,0,0.4,0.21,drop_call,0.23,0.46,drop_call,0.37,0.44,drop_call
0,t3,33,PowerShell,18,0,0,0,0.26,0.14,drop_call,0.16,0.28,drop_call,0.22,0.29,drop_call
0,t3,34,PowerShell,780,0,0,1,0.29,0.2,drop_call,0.28,0.29,drop_call,0.45,0.29,drop_call
0,t3,35,Bash,2166,0,0,0,0.31,0.16,drop_call,0.23,0.33,drop_call,0.35,0.34,drop_call
0,t3,36,Write,182,0,1,0,,,pinned,,,pinned,,,pinned
0,t3,37,PowerShell,2935,1,1,1,,,pinned,,,pinned,,,pinned
0,t3,38,Bash,36,0,1,0,,,pinned,,,pinned,,,pinned
0,t4,1,Read,4124,0,0,0,0.35,0.16,drop_call,0.23,0.38,drop_call,0.39,0.4,drop_call
0,t4,2,Bash,8244,0,0,0,0.3,0.14,drop_call,0.18,0.33,drop_call,0.28,0.33,drop_call
0,t4,3,Bash,2166,0,0,0,0.28,0.13,drop_call,0.14,0.29,drop_call,0.19,0.3,drop_call
0,t4,4,Bash,2974,0,0,0,0.24,0.14,drop_call,0.17,0.28,drop_call,0.22,0.3,drop_call
0,t4,5,Bash,2688,0,0,0,0.27,0.13,drop_call,0.16,0.3,drop_call,0.23,0.31,drop_call
0,t4,6,Bash,2135,0,0,1,0.25,0.13,drop_call,0.16,0.25,drop_call,0.19,0.29,drop_call
0,t4,7,Bash,2312,0,0,0,0.24,0.13,drop_call,0.15,0.25,drop_call,0.21,0.26,drop_call
0,t4,8,Bash,393,0,0,1,0.22,0.12,drop_call,0.15,0.23,drop_call,0.2,0.24,drop_call
0,t4,9,Write,164,0,0,0,0.35,0.14,drop_call,0.22,0.41,drop_call,0.33,0.43,drop_call
0,t4,10,Bash,407,0,0,1,0.23,0.13,drop_call,0.14,0.26,drop_call,0.19,0.25,drop_call
0,t4,11,Edit,108,0,0,0,0.27,0.13,drop_call,0.16,0.29,drop_call,0.23,0.25,drop_call
0,t4,12,ToolSearch,0,0,0,0,0.21,0.05,drop_call,0.06,0.22,drop_call,0.07,0.26,drop_call
0,t4,13,Bash,735,0,0,1,0.27,0.25,drop_call,0.31,0.28,drop_call,0.42,0.27,drop_call
0,t4,14,WebFetch,1226,0,0,0,0.25,0.18,drop_call,0.18,0.25,drop_call,0.34,0.29,drop_call
0,t4,15,Bash,719,0,0,1,0.22,0.16,drop_call,0.18,0.24,drop_call,0.27,0.23,drop_call
0,t4,16,Bash,406,0,0,1,0.22,0.16,drop_call,0.2,0.21,drop_call,0.27,0.24,drop_call
0,t4,17,Bash,45,0,1,1,,,pinned,,,pinned,,,pinned
0,t4,18,Read,723,0,1,0,,,pinned,,,pinned,,,pinned
0,t4,19,Write,175,0,1,0,,,pinned,,,pinned,,,pinned
1,t1,1,Skill,280,1,0,1,0.31,0.17,drop_call,0.23,0.33,drop_call,0.29,0.34,drop_call
1,t1,2,Read,6640,0,0,0,0.42,0.18,drop_call,0.31,0.47,drop_call,0.55,0.45,keep
1,t1,3,Bash,6730,0,0,0,0.29,0.11,drop_call,0.16,0.33,drop_call,0.18,0.31,drop_call
1,t1,4,Grep,42,0,0,0,0.25,0.11,drop_call,0.14,0.28,drop_call,0.21,0.27,drop_call
1,t1,5,Read,30056,0,0,0,0.41,0.15,drop_call,0.25,0.45,drop_call,0.39,0.43,drop_call
1,t1,6,Read,6263,0,0,0,0.37,0.18,drop_call,0.27,0.43,drop_call,0.48,0.42,drop_call
1,t1,7,Bash,776,0,0,0,0.25,0.11,drop_call,0.13,0.26,drop_call,0.18,0.26,drop_call
1,t1,8,Bash,3775,0,0,0,0.29,0.13,drop_call,0.16,0.3,drop_call,0.21,0.31,drop_call
1,t1,9,Bash,6302,0,0,0,0.33,0.17,drop_call,0.24,0.38,drop_call,0.31,0.37,drop_call
1,t1,10,Bash,1959,0,0,0,0.29,0.19,drop_call,0.26,0.33,drop_call,0.34,0.34,drop_call
1,t1,11,Bash,813,0,0,0,0.31,0.13,drop_call,0.19,0.34,drop_call,0.26,0.33,drop_call
1,t1,12,Bash,4269,0,0,0,0.29,0.14,drop_call,0.2,0.31,drop_call,0.26,0.31,drop_call
1,t1,13,Bash,2665,0,0,1,0.3,0.14,drop_call,0.21,0.35,drop_call,0.24,0.32,drop_call
1,t1,14,Bash,955,0,0,0,0.25,0.12,drop_call,0.16,0.26,drop_call,0.22,0.26,drop_call
1,t1,15,Bash,4729,0,0,0,0.32,0.12,drop_call,0.17,0.34,drop_call,0.22,0.35,drop_call
1,t1,16,Bash,3506,0,0,0,0.32,0.14,drop_call,0.19,0.35,drop_call,0.25,0.35,drop_call
1,t1,17,Bash,785,0,0,0,0.33,0.15,drop_call,0.22,0.34,drop_call,0.33,0.36,drop_call
1,t1,18,Bash,8317,0,0,0,0.27,0.13,drop_call,0.15,0.29,drop_call,0.22,0.32,drop_call
1,t1,19,Bash,4565,0,0,0,0.33,0.15,drop_call,0.2,0.34,drop_call,0.28,0.35,drop_call
1,t1,20,Bash,5188,0,0,1,0.37,0.15,drop_call,0.23,0.39,drop_call,0.33,0.4,drop_call
1,t1,21,Bash,5713,0,0,1,0.35,0.18,drop_call,0.26,0.36,drop_call,0.35,0.4,drop_call
1,t1,22,Bash,5069,0,0,0,0.34,0.18,drop_call,0.26,0.37,drop_call,0.36,0.39,drop_call
1,t1,23,Bash,1492,0,0,0,0.28,0.15,drop_call,0.24,0.31,drop_call,0.33,0.31,drop_call
1,t1,24,Bash,275,0,0,0,0.25,0.11,drop_call,0.15,0.26,drop_call,0.21,0.27,drop_call
1,t1,25,Bash,17247,0,0,0,0.31,0.16,drop_call,0.22,0.32,drop_call,0.28,0.31,drop_call
1,t1,26,Bash,3507,0,0,0,0.27,0.13,drop_call,0.16,0.28,drop_call,0.21,0.28,drop_call
1,t1,27,Grep,512,0,0,0,0.25,0.13,drop_call,0.17,0.26,drop_call,0.23,0.27,drop_call
1,t1,28,Bash,362,0,0,0,0.28,0.13,drop_call,0.18,0.29,drop_call,0.26,0.28,drop_call
1,t1,29,Bash,747,0,0,0,0.27,0.13,drop_call,0.17,0.29,drop_call,0.23,0.29,drop_call
1,t1,30,Bash,453,0,0,1,0.23,0.11,drop_call,0.14,0.24,drop_call,0.2,0.25,drop_call
1,t1,31,Grep,16,0,0,0,0.2,0.09,drop_call,0.11,0.21,drop_call,0.15,0.21,drop_call
1,t1,32,Grep,16,0,0,0,0.2,0.08,drop_call,0.1,0.2,drop_call,0.14,0.21,drop_call
1,t1,33,Bash,108,0,0,0,0.22,0.12,drop_call,0.14,0.22,drop_call,0.18,0.24,drop_call
1,t1,34,Bash,318,0,0,0,0.27,0.13,drop_call,0.17,0.27,drop_call,0.23,0.27,drop_call
1,t1,35,Bash,3935,0,0,0,0.26,0.15,drop_call,0.21,0.28,drop_call,0.26,0.29,drop_call
1,t1,36,Bash,2522,0,0,0,0.28,0.14,drop_call,0.19,0.28,drop_call,0.26,0.29,drop_call
1,t1,37,Bash,1776,0,0,0,0.28,0.15,drop_call,0.21,0.29,drop_call,0.28,0.27,drop_call
1,t1,38,Bash,1696,0,0,1,0.27,0.15,drop_call,0.21,0.28,drop_call,0.27,0.29,drop_call
1,t1,39,Bash,3660,0,0,0,0.31,0.14,drop_call,0.19,0.3,drop_call,0.28,0.34,drop_call
1,t1,40,Bash,1178,0,0,0,0.25,0.12,drop_call,0.16,0.25,drop_call,0.23,0.26,drop_call
1,t1,41,Bash,754,0,0,1,0.32,0.15,drop_call,0.22,0.33,drop_call,0.3,0.34,drop_call
1,t1,42,Bash,135,0,0,0,0.24,0.11,drop_call,0.13,0.25,drop_call,0.17,0.27,drop_call
1,t1,43,Bash,4149,0,0,0,0.28,0.15,drop_call,0.18,0.27,drop_call,0.25,0.28,drop_call
1,t1,44,Write,173,0,0,0,0.48,0.2,drop_call,0.3,0.51,drop_result,0.34,0.51,drop_result
1,t1,45,Bash,2482,0,0,1,0.37,0.16,drop_call,0.22,0.39,drop_call,0.3,0.4,drop_call
1,t1,46,Bash,279,0,0,0,0.28,0.16,drop_call,0.2,0.31,drop_call,0.27,0.32,drop_call
1,t1,47,Edit,183,0,0,0,0.41,0.15,drop_call,0.18,0.42,drop_call,0.27,0.41,drop_call
1,t1,48,Bash,1901,1,0,1,0.36,0.17,drop_call,0.22,0.37,drop_call,0.33,0.36,drop_call
1,t1,49,Read,6558,0,1,0,,,pinned,,,pinned,,,pinned
1,t1,50,Edit,117,0,1,0,,,pinned,,,pinned,,,pinned
1,t1,51,Bash,428,0,1,1,,,pinned,,,pinned,,,pinned
1,t2,1,Read,5969,0,0,0,0.36,0.18,drop_call,0.3,0.42,drop_call,0.48,0.39,drop_call
1,t2,2,Bash,509,0,0,0,0.21,0.1,drop_call,0.11,0.25,drop_call,0.17,0.24,drop_call
1,t2,3,Read,26730,0,0,0,0.31,0.12,drop_call,0.19,0.39,drop_call,0.28,0.38,drop_call
1,t2,4,Read,4309,0,0,0,0.29,0.14,drop_call,0.19,0.35,drop_call,0.28,0.34,drop_call
1,t2,5,Read,5199,0,0,0,0.28,0.13,drop_call,0.18,0.36,drop_call,0.27,0.33,drop_call
1,t2,6,Read,5339,0,0,0,0.28,0.13,drop_call,0.19,0.33,drop_call,0.29,0.33,drop_call
1,t2,7,Read,15942,0,0,0,0.28,0.13,drop_call,0.19,0.34,drop_call,0.29,0.29,drop_call
1,t2,8,Grep,6388,0,0,0,0.28,0.14,drop_call,0.21,0.37,drop_call,0.27,0.32,drop_call
1,t2,9,Read,8139,0,0,0,0.26,0.14,drop_call,0.21,0.34,drop_call,0.28,0.31,drop_call
1,t2,10,Read,4041,0,0,0,0.24,0.13,drop_call,0.2,0.28,drop_call,0.25,0.29,drop_call
1,t2,11,Read,1393,0,0,0,0.22,0.14,drop_call,0.18,0.27,drop_call,0.25,0.27,drop_call
1,t2,12,Bash,1082,0,0,0,0.22,0.1,drop_call,0.15,0.26,drop_call,0.22,0.26,drop_call
1,t2,13,Bash,3292,0,0,0,0.25,0.14,drop_call,0.2,0.29,drop_call,0.26,0.27,drop_call
1,t2,14,Bash,9258,0,0,0,0.22,0.14,drop_call,0.2,0.28,drop_call,0.25,0.26,drop_call
1,t2,15,Bash,10193,0,0,0,0.26,0.16,drop_call,0.21,0.31,drop_call,0.28,0.28,drop_call
1,t2,16,Bash,4104,0,0,0,0.29,0.15,drop_call,0.22,0.33,drop_call,0.25,0.33,drop_call
1,t2,17,Bash,6808,0,0,1,0.31,0.18,drop_call,0.25,0.37,drop_call,0.3,0.36,drop_call
1,t2,18,Bash,222,1,0,1,0.22,0.12,drop_call,0.18,0.25,drop_call,0.2,0.25,drop_call
1,t2,19,Grep,6337,0,0,0,0.24,0.13,drop_call,0.17,0.3,drop_call,0.24,0.3,drop_call
1,t2,20,Grep,4277,0,0,0,0.23,0.13,drop_call,0.2,0.3,drop_call,0.26,0.29,drop_call
1,t2,21,Bash,114,0,0,0,0.23,0.12,drop_call,0.17,0.29,drop_call,0.23,0.27,drop_call
1,t2,22,Bash,1071,0,0,0,0.23,0.16,drop_call,0.19,0.29,drop_call,0.28,0.28,drop_call
1,t2,23,Bash,787,0,0,0,0.25,0.14,drop_call,0.17,0.3,drop_call,0.21,0.29,drop_call
1,t2,24,Write,129,0,0,0,0.33,0.16,drop_call,0.22,0.4,drop_call,0.31,0.4,drop_call
1,t2,25,Bash,2140,0,0,1,0.26,0.19,drop_call,0.26,0.3,drop_call,0.34,0.27,drop_call
1,t2,26,Bash,3533,0,0,1,0.24,0.18,drop_call,0.25,0.26,drop_call,0.3,0.27,drop_call
1,t2,27,Edit,139,0,0,0,0.36,0.16,drop_call,0.24,0.43,drop_call,0.3,0.41,drop_call
1,t2,28,Bash,3231,0,0,1,0.28,0.2,drop_call,0.27,0.31,drop_call,0.36,0.31,drop_call
1,t2,29,Bash,495,0,0,1,0.31,0.18,drop_call,0.23,0.37,drop_call,0.3,0.34,drop_call
1,t2,30,Read,506,0,0,0,0.21,0.11,drop_call,0.16,0.26,drop_call,0.2,0.25,drop_call
1,t2,31,Edit,73,0,0,0,0.28,0.13,drop_call,0.16,0.31,drop_call,0.24,0.31,drop_call
1,t2,32,Bash,1351,0,0,0,0.24,0.19,drop_call,0.25,0.26,drop_call,0.35,0.26,drop_call
1,t2,33,Bash,2096,0,0,1,0.22,0.18,drop_call,0.24,0.27,drop_call,0.34,0.25,drop_call
1,t2,34,Bash,1635,0,0,1,0.23,0.19,drop_call,0.25,0.25,drop_call,0.35,0.27,drop_call
1,t2,35,Bash,3620,0,0,1,0.25,0.2,drop_call,0.29,0.27,drop_call,0.34,0.29,drop_call
1,t2,36,Edit,73,0,0,0,0.3,0.15,drop_call,0.21,0.35,drop_call,0.29,0.32,drop_call
1,t2,37,Bash,658,0,0,0,0.27,0.21,drop_call,0.28,0.31,drop_call,0.35,0.3,drop_call
1,t2,38,Bash,730,1,0,1,0.36,0.2,drop_call,0.27,0.36,drop_call,0.37,0.38,drop_call
1,t2,39,Bash,757,0,0,1,0.3,0.21,drop_call,0.32,0.34,drop_call,0.43,0.35,drop_call
1,t2,40,Bash,325,0,0,0,0.24,0.13,drop_call,0.18,0.24,drop_call,0.27,0.24,drop_call
1,t2,41,Bash,34,0,1,0,,,pinned,,,pinned,,,pinned
1,t2,42,Write,134,0,1,0,,,pinned,,,pinned,,,pinned
1,t2,43,Bash,23,0,1,1,,,pinned,,,pinned,,,pinned
1,t3,1,Read,4610,0,0,0,0.36,0.15,drop_call,0.24,0.4,drop_call,0.41,0.41,drop_call
1,t3,2,Bash,7461,1,0,1,0.26,0.13,drop_call,0.19,0.29,drop_call,0.23,0.3,drop_call
1,t3,3,Bash,7401,0,0,1,0.37,0.18,drop_call,0.27,0.42,drop_call,0.38,0.39,drop_call
1,t3,4,Bash,1545,1,0,1,0.24,0.13,drop_call,0.17,0.29,drop_call,0.23,0.29,drop_call
1,t3,5,Bash,2101,0,0,0,0.31,0.16,drop_call,0.23,0.37,drop_call,0.33,0.36,drop_call
1,t3,6,Bash,20242,0,0,0,0.38,0.17,drop_call,0.26,0.39,drop_call,0.38,0.39,drop_call
1,t3,7,Bash,3637,0,0,0,0.35,0.19,drop_call,0.25,0.38,drop_call,0.41,0.39,drop_call
1,t3,8,Bash,5815,0,0,0,0.33,0.19,drop_call,0.25,0.4,drop_call,0.39,0.39,drop_call
1,t3,9,Bash,6691,0,0,0,0.32,0.19,drop_call,0.27,0.39,drop_call,0.38,0.34,drop_call
1,t3,10,Bash,4577,0,0,1,0.27,0.18,drop_call,0.23,0.3,drop_call,0.32,0.28,drop_call
1,t3,11,Bash,4670,0,0,0,0.31,0.21,drop_call,0.27,0.33,drop_call,0.35,0.34,drop_call
1,t3,12,Bash,1525,0,0,0,0.29,0.17,drop_call,0.25,0.32,drop_call,0.36,0.32,drop_call
1,t3,13,Bash,3430,0,0,0,0.29,0.17,drop_call,0.22,0.31,drop_call,0.35,0.32,drop_call
1,t3,14,Bash,2224,0,0,0,0.29,0.16,drop_call,0.2,0.33,drop_call,0.28,0.33,drop_call
1,t3,15,Bash,6368,0,0,0,0.34,0.17,drop_call,0.23,0.37,drop_call,0.33,0.4,drop_call
1,t3,16,Bash,8880,0,0,1,0.35,0.23,drop_call,0.28,0.37,drop_call,0.31,0.36,drop_call
1,t3,17,Bash,602,0,0,1,0.26,0.14,drop_call,0.16,0.27,drop_call,0.27,0.29,drop_call
1,t3,18,PowerShell,92,0,0,1,0.24,0.13,drop_call,0.16,0.25,drop_call,0.25,0.25,drop_call
1,t3,19,Bash,6177,0,0,0,0.3,0.2,drop_call,0.26,0.34,drop_call,0.36,0.33,drop_call
1,t3,20,Bash,3839,0,0,0,0.3,0.22,drop_call,0.31,0.31,drop_call,0.36,0.29,drop_call
1,t3,21,Bash,2246,0,0,1,0.28,0.22,drop_call,0.26,0.28,drop_call,0.32,0.28,drop_call
1,t3,22,Bash,1985,0,0,0,0.32,0.17,drop_call,0.22,0.36,drop_call,0.31,0.35,drop_call
1,t3,23,Bash,5438,0,0,0,0.35,0.17,drop_call,0.22,0.38,drop_call,0.28,0.35,drop_call
1,t3,24,Bash,3260,0,0,0,0.32,0.18,drop_call,0.22,0.34,drop_call,0.31,0.34,drop_call
1,t3,25,Bash,1028,0,0,0,0.31,0.17,drop_call,0.21,0.33,drop_call,0.33,0.33,drop_call
1,t3,26,Bash,86,0,0,1,0.39,0.17,drop_call,0.21,0.39,drop_call,0.31,0.42,drop_call
1,t3,27,Write,163,0,0,0,0.39,0.19,drop_call,0.22,0.44,drop_call,0.4,0.47,drop_call
1,t3,28,Bash,113,0,0,1,0.27,0.12,drop_call,0.16,0.27,drop_call,0.24,0.29,drop_call
1,t3,29,Write,136,0,0,0,0.42,0.2,drop_call,0.24,0.45,drop_call,0.42,0.46,drop_call
1,t3,30,Bash,1618,0,0,1,0.32,0.21,drop_call,0.28,0.34,drop_call,0.41,0.32,drop_call
1,t3,31,Bash,886,0,0,0,0.36,0.2,drop_call,0.22,0.39,drop_call,0.37,0.38,drop_call
1,t3,32,Bash,888,0,0,0,0.28,0.19,drop_call,0.21,0.3,drop_call,0.29,0.32,drop_call
1,t3,33,Bash,195,0,0,1,0.26,0.13,drop_call,0.15,0.27,drop_call,0.24,0.27,drop_call
1,t3,34,Edit,146,0,0,0,0.47,0.16,drop_call,0.18,0.49,drop_call,0.31,0.47,drop_call
1,t3,35,Bash,255,0,0,0,0.4,0.12,drop_call,0.14,0.4,drop_call,0.24,0.41,drop_call
1,t3,36,Bash,425,0,0,0,0.39,0.2,drop_call,0.23,0.43,drop_call,0.42,0.44,drop_call
1,t3,37,Bash,786,0,0,1,0.35,0.18,drop_call,0.24,0.37,drop_call,0.34,0.38,drop_call
1,t3,38,PowerShell,290,0,0,0,0.24,0.17,drop_call,0.2,0.25,drop_call,0.28,0.24,drop_call
1,t3,39,Bash,293,0,0,0,0.28,0.17,drop_call,0.2,0.31,drop_call,0.29,0.3,drop_call
1,t3,40,mcp,9042,0,0,0,0.26,0.17,drop_call,0.21,0.25,drop_call,0.27,0.27,drop_call
1,t3,41,mcp,5670,0,0,0,0.24,0.16,drop_call,0.2,0.27,drop_call,0.28,0.27,drop_call
1,t3,42,Bash,109,0,0,0,0.41,0.16,drop_call,0.17,0.42,drop_call,0.28,0.43,drop_call
1,t3,43,Bash,761,0,0,0,0.29,0.15,drop_call,0.18,0.29,drop_call,0.26,0.31,drop_call
1,t3,44,Bash,600,0,0,0,0.32,0.13,drop_call,0.17,0.33,drop_call,0.25,0.32,drop_call
1,t3,45,Bash,227,0,0,1,0.29,0.14,drop_call,0.17,0.3,drop_call,0.27,0.32,drop_call
1,t3,46,Bash,1899,0,0,0,0.3,0.16,drop_call,0.21,0.3,drop_call,0.3,0.3,drop_call
1,t3,47,Bash,767,0,0,0,0.21,0.14,drop_call,0.15,0.21,drop_call,0.2,0.22,drop_call
1,t3,48,Bash,1797,0,0,0,0.2,0.13,drop_call,0.13,0.19,drop_call,0.17,0.2,drop_call
1,t3,49,Write,156,0,0,0,0.31,0.21,drop_call,0.22,0.35,drop_call,0.34,0.35,drop_call
1,t3,50,Write,179,0,1,0,,,pinned,,,pinned,,,pinned
1,t3,51,Bash,60,0,1,0,,,pinned,,,pinned,,,pinned
1,t3,52,Bash,30,0,1,0,,,pinned,,,pinned,,,pinned
1,t4,1,Read,4045,0,0,0,0.33,0.16,drop_call,0.26,0.38,drop_call,0.39,0.39,drop_call
1,t4,2,Bash,6842,0,0,0,0.24,0.13,drop_call,0.21,0.26,drop_call,0.3,0.28,drop_call
1,t4,3,Bash,530,0,0,1,0.21,0.12,drop_call,0.18,0.24,drop_call,0.21,0.24,drop_call
1,t4,4,Bash,491,0,0,0,0.14,0.09,drop_call,0.11,0.15,drop_call,0.14,0.15,drop_call
1,t4,5,Bash,1026,0,0,0,0.19,0.11,drop_call,0.17,0.2,drop_call,0.19,0.21,drop_call
1,t4,6,Bash,1929,0,0,0,0.18,0.12,drop_call,0.17,0.19,drop_call,0.19,0.19,drop_call
1,t4,7,Bash,3756,0,0,1,0.22,0.13,drop_call,0.17,0.25,drop_call,0.2,0.24,drop_call
1,t4,8,Write,163,0,0,0,0.3,0.13,drop_call,0.22,0.35,drop_call,0.32,0.35,drop_call
1,t4,9,Bash,673,0,0,1,0.26,0.14,drop_call,0.19,0.26,drop_call,0.21,0.26,drop_call
1,t4,10,Bash,43,0,0,0,0.19,0.11,drop_call,0.13,0.19,drop_call,0.14,0.2,drop_call
1,t4,11,ToolSearch,0,0,0,0,0.17,0.05,drop_call,0.06,0.2,drop_call,0.07,0.19,drop_call
1,t4,12,other,302,0,0,1,0.19,0.14,drop_call,0.19,0.22,drop_call,0.24,0.21,drop_call
1,t4,13,Bash,787,0,1,1,,,pinned,,,pinned,,,pinned
1,t4,14,ToolSearch,0,0,1,0,,,pinned,,,pinned,,,pinned
1,t4,15,other,753,0,1,1,,,pinned,,,pinned,,,pinned
2,t1,1,Read,3515,0,0,0,0.42,0.17,drop_call,0.23,0.46,drop_call,0.4,0.47,drop_call
2,t1,2,Read,1012,0,0,0,0.4,0.16,drop_call,0.26,0.46,drop_call,0.46,0.46,drop_call
2,t1,3,Bash,5478,0,0,1,0.37,0.15,drop_call,0.2,0.43,drop_call,0.3,0.41,drop_call
2,t1,4,Bash,847,0,0,0,0.32,0.14,drop_call,0.19,0.35,drop_call,0.28,0.37,drop_call
2,t1,5,Bash,1454,0,0,0,0.33,0.14,drop_call,0.18,0.34,drop_call,0.3,0.37,drop_call
2,t1,6,Bash,3950,0,0,0,0.36,0.12,drop_call,0.16,0.4,drop_call,0.22,0.39,drop_call
2,t1,7,Read,7109,0,0,0,0.41,0.14,drop_call,0.23,0.47,drop_call,0.4,0.48,drop_call
2,t1,8,Read,5309,0,0,0,0.36,0.14,drop_call,0.22,0.42,drop_call,0.34,0.45,drop_call
2,t1,9,Read,2613,0,0,0,0.4,0.2,drop_call,0.29,0.42,drop_call,0.47,0.47,drop_call
2,t1,10,Read,44241,0,0,0,0.39,0.13,drop_call,0.21,0.45,drop_call,0.3,0.47,drop_call
2,t1,11,Read,27099,0,0,0,0.38,0.14,drop_call,0.22,0.42,drop_call,0.33,0.41,drop_call
2,t1,12,Read,19656,0,0,0,0.37,0.14,drop_call,0.22,0.41,drop_call,0.34,0.41,drop_call
2,t1,13,Read,33279,0,0,0,0.37,0.14,drop_call,0.2,0.38,drop_call,0.31,0.42,drop_call
2,t1,14,Bash,6951,0,0,1,0.35,0.15,drop_call,0.21,0.36,drop_call,0.29,0.37,drop_call
2,t1,15,Bash,937,0,0,0,0.33,0.15,drop_call,0.21,0.34,drop_call,0.3,0.37,drop_call
2,t1,16,Bash,1787,0,0,0,0.28,0.13,drop_call,0.18,0.32,drop_call,0.23,0.31,drop_call
2,t1,17,Bash,4641,0,0,1,0.38,0.13,drop_call,0.17,0.38,drop_call,0.24,0.4,drop_call
2,t1,18,Bash,721,0,0,1,0.29,0.12,drop_call,0.16,0.29,drop_call,0.2,0.29,drop_call
2,t1,19,other,623,0,0,1,0.19,0.09,drop_call,0.11,0.23,drop_call,0.11,0.21,drop_call
2,t1,20,Bash,2917,0,0,0,0.31,0.14,drop_call,0.21,0.37,drop_call,0.3,0.37,drop_call
2,t1,21,Read,10593,0,0,0,0.34,0.12,drop_call,0.2,0.37,drop_call,0.33,0.41,drop_call
2,t1,22,Read,8166,0,0,0,0.32,0.12,drop_call,0.18,0.36,drop_call,0.28,0.38,drop_call
2,t1,23,Read,9101,0,0,0,0.32,0.13,drop_call,0.18,0.37,drop_call,0.29,0.36,drop_call
2,t1,24,Read,10120,0,0,0,0.31,0.13,drop_call,0.2,0.37,drop_call,0.34,0.35,drop_call
2,t1,25,Read,9731,0,0,0,0.34,0.13,drop_call,0.2,0.39,drop_call,0.33,0.4,drop_call
2,t1,26,Read,10447,0,0,0,0.33,0.15,drop_call,0.22,0.36,drop_call,0.38,0.39,drop_call
2,t1,27,Read,7269,0,0,0,0.36,0.14,drop_call,0.19,0.39,drop_call,0.28,0.39,drop_call
2,t1,28,Read,17113,0,0,0,0.29,0.14,drop_call,0.19,0.36,drop_call,0.31,0.37,drop_call
2,t1,29,Read,17631,0,0,0,0.34,0.14,drop_call,0.21,0.38,drop_call,0.32,0.38,drop_call
2,t1,30,Read,13492,0,0,0,0.31,0.14,drop_call,0.23,0.36,drop_call,0.36,0.36,drop_call
2,t1,31,Read,13213,0,0,0,0.32,0.15,drop_call,0.2,0.37,drop_call,0.33,0.39,drop_call
2,t1,32,Bash,3976,0,0,1,0.32,0.15,drop_call,0.21,0.35,drop_call,0.27,0.35,drop_call
2,t1,33,Bash,293,1,0,1,0.32,0.15,drop_call,0.18,0.35,drop_call,0.25,0.35,drop_call
2,t1,34,Read,10829,0,0,0,0.34,0.13,drop_call,0.2,0.37,drop_call,0.31,0.4,drop_call
2,t1,35,Read,7014,0,0,0,0.33,0.13,drop_call,0.19,0.34,drop_call,0.28,0.38,drop_call
2,t1,36,Read,17235,0,0,0,0.34,0.13,drop_call,0.19,0.35,drop_call,0.3,0.38,drop_call
2,t1,37,Read,4437,0,0,0,0.36,0.15,drop_call,0.21,0.37,drop_call,0.34,0.37,drop_call
2,t1,38,Bash,703,0,0,1,0.25,0.13,drop_call,0.18,0.28,drop_call,0.24,0.28,drop_call
2,t1,39,Read,17367,0,0,0,0.37,0.15,drop_call,0.21,0.39,drop_call,0.33,0.41,drop_call
2,t1,40,Read,14165,0,0,0,0.34,0.13,drop_call,0.19,0.39,drop_call,0.31,0.39,drop_call
2,t1,41,Read,20098,0,0,0,0.34,0.13,drop_call,0.2,0.35,drop_call,0.3,0.38,drop_call
2,t1,42,Read,21270,0,0,0,0.32,0.13,drop_call,0.19,0.34,drop_call,0.28,0.35,drop_call
2,t1,43,Read,28010,0,0,0,0.32,0.12,drop_call,0.19,0.34,drop_call,0.29,0.35,drop_call
2,t1,44,Read,25095,0,0,0,0.32,0.12,drop_call,0.19,0.36,drop_call,0.27,0.37,drop_call
2,t1,45,Bash,17145,0,0,0,0.32,0.15,drop_call,0.2,0.29,drop_call,0.28,0.29,drop_call
2,t1,46,Bash,12410,0,0,0,0.29,0.14,drop_call,0.19,0.31,drop_call,0.26,0.3,drop_call
2,t1,47,Bash,9322,0,0,0,0.3,0.14,drop_call,0.19,0.33,drop_call,0.28,0.34,drop_call
2,t1,48,Read,9923,0,0,0,0.29,0.16,drop_call,0.22,0.37,drop_call,0.32,0.36,drop_call
2,t1,49,Bash,2302,0,0,0,0.29,0.14,drop_call,0.19,0.3,drop_call,0.27,0.3,drop_call
2,t1,50,Read,27506,0,0,0,0.34,0.12,drop_call,0.21,0.33,drop_call,0.3,0.36,drop_call
2,t1,51,Bash,2749,0,0,0,0.3,0.14,drop_call,0.17,0.32,drop_call,0.27,0.34,drop_call
2,t1,52,Bash,2742,0,0,0,0.27,0.12,drop_call,0.16,0.28,drop_call,0.21,0.3,drop_call
2,t1,53,Bash,1566,0,0,0,0.32,0.15,drop_call,0.2,0.35,drop_call,0.3,0.38,drop_call
2,t1,54,Bash,6636,0,0,0,0.28,0.15,drop_call,0.19,0.3,drop_call,0.3,0.32,drop_call
2,t1,55,Bash,1957,0,0,0,0.25,0.14,drop_call,0.19,0.27,drop_call,0.24,0.27,drop_call
2,t1,56,Bash,754,0,0,1,0.25,0.13,drop_call,0.17,0.25,drop_call,0.23,0.24,drop_call
2,t1,57,Bash,336,0,1,0,,,pinned,,,pinned,,,pinned
2,t1,58,Write,164,0,1,0,,,pinned,,,pinned,,,pinned
2,t1,59,Bash,55,0,1,1,,,pinned,,,pinned,,,pinned
2,t2,1,Read,4674,0,0,0,0.42,0.21,drop_call,0.36,0.48,drop_call,0.52,0.48,keep
2,t2,2,Bash,1523,0,0,0,0.27,0.12,drop_call,0.16,0.33,drop_call,0.19,0.29,drop_call
2,t2,3,Bash,6582,0,0,0,0.29,0.15,drop_call,0.19,0.33,drop_call,0.26,0.29,drop_call
2,t2,4,Bash,8021,0,0,0,0.24,0.14,drop_call,0.2,0.29,drop_call,0.23,0.27,drop_call
2,t2,5,Bash,3665,0,0,0,0.32,0.15,drop_call,0.2,0.38,drop_call,0.24,0.34,drop_call
2,t2,6,Bash,3817,0,0,0,0.32,0.15,drop_call,0.21,0.34,drop_call,0.25,0.34,drop_call
2,t2,7,Bash,12820,0,0,1,0.3,0.14,drop_call,0.21,0.36,drop_call,0.26,0.35,drop_call
2,t2,8,Bash,5786,0,0,0,0.28,0.13,drop_call,0.18,0.32,drop_call,0.24,0.3,drop_call
2,t2,9,Bash,909,0,0,1,0.3,0.12,drop_call,0.18,0.35,drop_call,0.21,0.35,drop_call
2,t2,10,Bash,13029,0,0,0,0.28,0.14,drop_call,0.2,0.31,drop_call,0.22,0.29,drop_call
2,t2,11,Bash,7713,0,0,1,0.25,0.15,drop_call,0.18,0.28,drop_call,0.19,0.27,drop_call
2,t2,12,Bash,830,0,0,0,0.24,0.12,drop_call,0.16,0.28,drop_call,0.2,0.26,drop_call
2,t2,13,Bash,1763,0,0,0,0.26,0.15,drop_call,0.2,0.3,drop_call,0.25,0.29,drop_call
2,t2,14,Bash,2395,0,0,0,0.31,0.16,drop_call,0.24,0.37,drop_call,0.31,0.34,drop_call
2,t2,15,Bash,2016,0,0,1,0.28,0.14,drop_call,0.19,0.32,drop_call,0.25,0.29,drop_call
2,t2,16,Bash,427,0,0,0,0.21,0.09,drop_call,0.12,0.21,drop_call,0.16,0.21,drop_call
2,t2,17,Bash,17087,0,0,1,0.27,0.15,drop_call,0.21,0.28,drop_call,0.23,0.27,drop_call
2,t2,18,Bash,1302,0,0,0,0.31,0.15,drop_call,0.2,0.33,drop_call,0.27,0.31,drop_call
2,t2,19,Bash,983,0,0,0,0.29,0.16,drop_call,0.22,0.34,drop_call,0.27,0.32,drop_call
2,t2,20,Bash,2007,0,0,1,0.3,0.15,drop_call,0.21,0.33,drop_call,0.27,0.3,drop_call
2,t2,21,Bash,604,0,0,1,0.26,0.15,drop_call,0.18,0.27,drop_call,0.25,0.26,drop_call
2,t2,22,Bash,446,0,0,1,0.24,0.13,drop_call,0.17,0.24,drop_call,0.21,0.25,drop_call
2,t2,23,Bash,694,0,0,0,0.24,0.15,drop_call,0.19,0.28,drop_call,0.26,0.27,drop_call
2,t2,24,Bash,86,1,0,1,0.21,0.1,drop_call,0.14,0.22,drop_call,0.18,0.21,drop_call
2,t2,25,Bash,86,1,0,0,0.18,0.08,drop_call,0.11,0.19,drop_call,0.12,0.18,drop_call
2,t2,26,PowerShell,7144,0,1,1,,,pinned,,,pinned,,,pinned
2,t2,27,PowerShell,314,0,1,1,,,pinned,,,pinned,,,pinned
2,t2,28,Bash,79,0,1,1,,,pinned,,,pinned,,,pinned
2,t3,1,Bash,4406,0,0,0,0.23,0.14,drop_call,0.2,0.27,drop_call,0.28,0.27,drop_call
2,t3,2,Bash,24384,0,0,0,0.3,0.16,drop_call,0.2,0.32,drop_call,0.3,0.35,drop_call
2,t3,3,Bash,2141,0,0,0,0.25,0.11,drop_call,0.15,0.27,drop_call,0.23,0.29,drop_call
2,t3,4,Bash,2411,0,0,0,0.26,0.13,drop_call,0.16,0.29,drop_call,0.26,0.31,drop_call
2,t3,5,Bash,6101,0,0,0,0.26,0.13,drop_call,0.19,0.31,drop_call,0.29,0.32,drop_call
2,t3,6,Bash,11293,0,0,0,0.25,0.12,drop_call,0.16,0.29,drop_call,0.24,0.33,drop_call
2,t3,7,Bash,650,0,0,0,0.27,0.13,drop_call,0.17,0.3,drop_call,0.24,0.29,drop_call
2,t3,8,Bash,4390,0,0,1,0.27,0.13,drop_call,0.17,0.32,drop_call,0.25,0.32,drop_call
2,t3,9,Bash,3964,0,0,0,0.26,0.13,drop_call,0.17,0.28,drop_call,0.22,0.29,drop_call
2,t3,10,Bash,5587,0,0,0,0.26,0.11,drop_call,0.18,0.3,drop_call,0.23,0.31,drop_call
2,t3,11,Bash,5159,0,0,0,0.28,0.14,drop_call,0.19,0.32,drop_call,0.28,0.34,drop_call
2,t3,12,Bash,2818,0,0,0,0.24,0.13,drop_call,0.17,0.28,drop_call,0.25,0.27,drop_call
2,t3,13,Bash,3587,0,0,0,0.26,0.13,drop_call,0.18,0.3,drop_call,0.24,0.3,drop_call
2,t3,14,Bash,785,0,0,0,0.23,0.12,drop_call,0.15,0.27,drop_call,0.19,0.25,drop_call
2,t3,15,Bash,297,1,0,1,0.28,0.11,drop_call,0.15,0.29,drop_call,0.21,0.3,drop_call
2,t3,16,Bash,2978,0,0,1,0.28,0.16,drop_call,0.21,0.33,drop_call,0.27,0.33,drop_call
2,t3,17,Bash,2250,0,0,0,0.26,0.15,drop_call,0.2,0.34,drop_call,0.31,0.31,drop_call
2,t3,18,Bash,530,0,0,0,0.22,0.11,drop_call,0.13,0.25,drop_call,0.2,0.26,drop_call
2,t3,19,Bash,1630,0,0,0,0.26,0.15,drop_call,0.21,0.31,drop_call,0.29,0.32,drop_call
2,t3,20,Write,146,0,0,0,0.33,0.18,drop_call,0.24,0.39,drop_call,0.34,0.39,drop_call
2,t3,21,Bash,1317,0,0,0,0.31,0.17,drop_call,0.19,0.32,drop_call,0.3,0.34,drop_call
2,t3,22,Bash,33,0,0,1,0.28,0.13,drop_call,0.14,0.31,drop_call,0.24,0.33,drop_call
2,t3,23,Edit,72,0,0,0,0.38,0.16,drop_call,0.23,0.44,drop_call,0.3,0.44,drop_call
2,t3,24,Edit,72,0,0,0,0.32,0.16,drop_call,0.22,0.41,drop_call,0.3,0.41,drop_call
2,t3,25,Bash,1185,0,0,1,0.28,0.16,drop_call,0.2,0.29,drop_call,0.31,0.28,drop_call
2,t3,26,Edit,72,0,0,0,0.29,0.14,drop_call,0.18,0.33,drop_call,0.25,0.3,drop_call
2,t3,27,Bash,98,0,0,0,0.24,0.14,drop_call,0.17,0.26,drop_call,0.26,0.25,drop_call
2,t3,28,Bash,124,0,0,1,0.3,0.17,drop_call,0.2,0.31,drop_call,0.3,0.32,drop_call
2,t3,29,Bash,3145,0,0,0,0.26,0.15,drop_call,0.21,0.32,drop_call,0.29,0.3,drop_call
2,t3,30,Edit,90,0,0,0,0.28,0.18,drop_call,0.2,0.33,drop_call,0.28,0.3,drop_call
2,t3,31,Bash,1817,0,0,1,0.29,0.18,drop_call,0.22,0.33,drop_call,0.32,0.3,drop_call
2,t3,32,Bash,81,0,0,0,0.25,0.18,drop_call,0.2,0.29,drop_call,0.29,0.29,drop_call
2,t3,33,Bash,1339,0,0,0,0.28,0.16,drop_call,0.23,0.34,drop_call,0.28,0.32,drop_call
2,t3,34,Bash,641,0,0,0,0.22,0.18,drop_call,0.24,0.24,drop_call,0.34,0.24,drop_call
2,t3,35,Bash,648,0,0,1,0.28,0.14,drop_call,0.17,0.34,drop_call,0.25,0.32,drop_call
2,t3,36,Bash,1203,0,0,0,0.26,0.16,drop_call,0.2,0.32,drop_call,0.28,0.33,drop_call
2,t3,37,Bash,428,1,0,0,0.27,0.14,drop_call,0.18,0.32,drop_call,0.23,0.32,drop_call
2,t3,38,Bash,1339,0,0,0,0.31,0.2,drop_call,0.24,0.37,drop_call,0.34,0.34,drop_call
2,t3,39,Bash,1583,0,0,1,0.24,0.19,drop_call,0.21,0.29,drop_call,0.3,0.28,drop_call
2,t3,40,Bash,459,0,0,1,0.25,0.14,drop_call,0.19,0.3,drop_call,0.24,0.31,drop_call
2,t3,41,Bash,3415,0,0,1,0.38,0.23,drop_call,0.28,0.46,drop_call,0.38,0.46,drop_call
2,t3,42,Bash,243,0,0,1,0.32,0.17,drop_call,0.23,0.33,drop_call,0.31,0.35,drop_call
2,t3,43,Bash,138,0,0,1,0.21,0.14,drop_call,0.15,0.25,drop_call,0.24,0.25,drop_call
2,t3,44,Bash,180,0,0,0,0.21,0.16,drop_call,0.18,0.24,drop_call,0.27,0.23,drop_call
2,t3,45,Write,180,0,1,0,,,pinned,,,pinned,,,pinned
2,t3,46,Bash,429,0,1,0,,,pinned,,,pinned,,,pinned
2,t3,47,Bash,302,0,1,0,,,pinned,,,pinned,,,pinned
2,t4,1,Read,3690,0,0,0,0.33,0.17,drop_call,0.24,0.45,drop_call,0.45,0.42,drop_call
2,t4,2,Skill,40,0,0,0,0.34,0.11,drop_call,0.13,0.36,drop_call,0.21,0.38,drop_call
2,t4,3,Bash,11568,0,0,0,0.31,0.16,drop_call,0.22,0.35,drop_call,0.27,0.32,drop_call
2,t4,4,Bash,6409,0,0,0,0.31,0.17,drop_call,0.23,0.38,drop_call,0.29,0.37,drop_call
2,t4,5,Bash,29269,0,0,0,0.31,0.17,drop_call,0.24,0.35,drop_call,0.29,0.34,drop_call
2,t4,6,Bash,8347,0,0,1,0.28,0.15,drop_call,0.21,0.32,drop_call,0.24,0.28,drop_call
2,t4,7,Bash,3169,0,0,0,0.3,0.16,drop_call,0.22,0.37,drop_call,0.3,0.34,drop_call
2,t4,8,Bash,5765,0,0,0,0.31,0.15,drop_call,0.23,0.35,drop_call,0.26,0.35,drop_call
2,t4,9,Bash,95,0,0,0,0.27,0.13,drop_call,0.18,0.31,drop_call,0.24,0.3,drop_call
2,t4,10,Bash,2613,0,0,0,0.26,0.15,drop_call,0.2,0.3,drop_call,0.26,0.29,drop_call
2,t4,11,Bash,15044,0,0,0,0.26,0.14,drop_call,0.2,0.28,drop_call,0.23,0.3,drop_call
2,t4,12,Bash,7097,0,0,1,0.25,0.14,drop_call,0.19,0.27,drop_call,0.21,0.29,drop_call
2,t4,13,Bash,8060,0,0,1,0.28,0.15,drop_call,0.21,0.33,drop_call,0.25,0.32,drop_call
2,t4,14,Bash,854,0,0,0,0.27,0.15,drop_call,0.21,0.3,drop_call,0.24,0.29,drop_call
2,t4,15,Write,330,0,0,0,0.25,0.15,drop_call,0.19,0.26,drop_call,0.21,0.29,drop_call
2,t4,16,Edit,340,0,0,0,0.26,0.14,drop_call,0.19,0.27,drop_call,0.2,0.28,drop_call
2,t4,17,Bash,1041,0,0,0,0.21,0.14,drop_call,0.18,0.25,drop_call,0.2,0.24,drop_call
2,t4,18,Bash,194,0,0,0,0.22,0.11,drop_call,0.15,0.24,drop_call,0.18,0.24,drop_call
2,t4,19,Bash,429,0,0,0,0.22,0.12,drop_call,0.16,0.21,drop_call,0.2,0.23,drop_call
2,t4,20,Bash,2387,0,0,0,0.23,0.14,drop_call,0.18,0.23,drop_call,0.23,0.26,drop_call
2,t4,21,Write,329,0,0,0,0.23,0.13,drop_call,0.18,0.25,drop_call,0.22,0.26,drop_call
2,t4,22,Bash,721,0,0,0,0.21,0.13,drop_call,0.16,0.22,drop_call,0.19,0.22,drop_call
2,t4,23,Bash,51,0,0,0,0.27,0.1,drop_call,0.13,0.28,drop_call,0.15,0.27,drop_call
2,t4,24,PowerShell,12,0,0,1,0.29,0.09,drop_call,0.12,0.26,drop_call,0.13,0.27,drop_call
2,t4,25,Bash,833,0,0,0,0.23,0.14,drop_call,0.17,0.24,drop_call,0.19,0.24,drop_call
2,t4,26,Edit,273,0,0,0,0.24,0.14,drop_call,0.19,0.25,drop_call,0.2,0.26,drop_call
2,t4,27,Bash,1259,0,0,0,0.21,0.15,drop_call,0.19,0.23,drop_call,0.2,0.23,drop_call
2,t4,28,Bash,3496,0,0,0,0.24,0.16,drop_call,0.21,0.28,drop_call,0.24,0.26,drop_call
2,t4,29,Bash,2698,0,0,0,0.28,0.16,drop_call,0.22,0.3,drop_call,0.26,0.31,drop_call
2,t4,30,Bash,1653,0,0,0,0.22,0.16,drop_call,0.21,0.23,drop_call,0.22,0.23,drop_call
2,t4,31,Bash,2065,0,0,0,0.27,0.15,drop_call,0.21,0.29,drop_call,0.26,0.28,drop_call
2,t4,32,Bash,684,0,0,1,0.25,0.15,drop_call,0.18,0.27,drop_call,0.25,0.26,drop_call
2,t4,33,Bash,836,0,0,0,0.27,0.15,drop_call,0.19,0.29,drop_call,0.28,0.3,drop_call
2,t4,34,Write,139,0,0,0,0.33,0.2,drop_call,0.25,0.39,drop_call,0.44,0.39,drop_call
2,t4,35,Write,326,0,0,0,0.22,0.14,drop_call,0.16,0.23,drop_call,0.21,0.23,drop_call
2,t4,36,Edit,336,0,0,0,0.22,0.14,drop_call,0.18,0.24,drop_call,0.2,0.23,drop_call
2,t4,37,Bash,454,0,0,1,0.2,0.12,drop_call,0.16,0.21,drop_call,0.18,0.21,drop_call
2,t4,38,Bash,283,0,0,1,0.19,0.14,drop_call,0.17,0.21,drop_call,0.18,0.21,drop_call
2,t4,39,Bash,6812,0,0,1,0.24,0.16,drop_call,0.22,0.24,drop_call,0.24,0.25,drop_call
2,t4,40,Bash,3660,0,0,0,0.21,0.16,drop_call,0.2,0.24,drop_call,0.22,0.23,drop_call
2,t4,41,Bash,280,1,0,0,0.23,0.15,drop_call,0.2,0.24,drop_call,0.23,0.25,drop_call
2,t4,42,Bash,8847,0,0,1,0.22,0.15,drop_call,0.22,0.24,drop_call,0.23,0.23,drop_call
2,t4,43,Bash,10255,0,0,0,0.21,0.15,drop_call,0.2,0.22,drop_call,0.21,0.21,drop_call
2,t4,44,Bash,1636,0,0,0,0.2,0.15,drop_call,0.2,0.22,drop_call,0.21,0.21,drop_call
2,t4,45,Write,337,0,0,0,0.21,0.15,drop_call,0.18,0.23,drop_call,0.2,0.23,drop_call
2,t4,46,Bash,158,0,0,0,0.18,0.12,drop_call,0.14,0.18,drop_call,0.16,0.18,drop_call
2,t4,47,Bash,401,0,0,1,0.17,0.12,drop_call,0.17,0.19,drop_call,0.16,0.17,drop_call
2,t4,48,Bash,385,0,0,0,0.16,0.12,drop_call,0.15,0.18,drop_call,0.17,0.2,drop_call
2,t4,49,Bash,1,0,0,0,0.17,0.07,drop_call,0.1,0.18,drop_call,0.09,0.18,drop_call
2,t4,50,Bash,261,0,0,0,0.17,0.13,drop_call,0.16,0.18,drop_call,0.19,0.17,drop_call
2,t4,51,Bash,4348,0,0,0,0.2,0.17,drop_call,0.21,0.22,drop_call,0.23,0.22,drop_call
2,t4,52,Bash,32,0,0,1,0.17,0.11,drop_call,0.12,0.18,drop_call,0.14,0.18,drop_call
2,t4,53,Bash,652,0,0,1,0.19,0.14,drop_call,0.19,0.2,drop_call,0.22,0.2,drop_call
2,t4,54,Bash,3512,0,0,0,0.23,0.18,drop_call,0.23,0.26,drop_call,0.28,0.25,drop_call
2,t4,55,Bash,1631,0,0,0,0.2,0.16,drop_call,0.2,0.22,drop_call,0.23,0.22,drop_call
2,t4,56,Bash,893,0,0,1,0.19,0.15,drop_call,0.18,0.22,drop_call,0.21,0.22,drop_call
2,t4,57,Bash,452,0,0,0,0.22,0.12,drop_call,0.16,0.24,drop_call,0.18,0.23,drop_call
2,t4,58,Bash,526,0,1,0,,,pinned,,,pinned,,,pinned
2,t4,59,Bash,423,0,1,0,,,pinned,,,pinned,,,pinned
2,t4,60,Bash,18,0,1,1,,,pinned,,,pinned,,,pinned
3,t1,1,Read,5160,0,0,0,0.42,0.16,drop_call,0.27,0.5,drop_result,0.47,0.49,drop_call
3,t1,2,Read,2470,0,0,0,0.39,0.15,drop_call,0.24,0.46,drop_call,0.41,0.44,drop_call
3,t1,3,Bash,9626,1,0,1,0.29,0.11,drop_call,0.15,0.31,drop_call,0.19,0.32,drop_call
3,t1,4,Bash,1895,0,0,1,0.38,0.12,drop_call,0.18,0.39,drop_call,0.29,0.4,drop_call
3,t1,5,Bash,1566,0,0,0,0.29,0.12,drop_call,0.17,0.3,drop_call,0.26,0.32,drop_call
3,t1,6,Bash,11084,0,0,0,0.3,0.11,drop_call,0.16,0.35,drop_call,0.23,0.33,drop_call
3,t1,7,Bash,13204,0,0,0,0.31,0.13,drop_call,0.19,0.33,drop_call,0.27,0.35,drop_call
3,t1,8,Bash,19909,0,0,0,0.34,0.12,drop_call,0.2,0.37,drop_call,0.27,0.37,drop_call
3,t1,9,Bash,2078,0,0,1,0.34,0.13,drop_call,0.18,0.36,drop_call,0.29,0.31,drop_call
3,t1,10,Read,9588,0,0,0,0.3,0.12,drop_call,0.21,0.32,drop_call,0.3,0.34,drop_call
3,t1,11,Read,9397,0,0,0,0.32,0.13,drop_call,0.21,0.37,drop_call,0.32,0.36,drop_call
3,t1,12,Read,12860,0,0,0,0.36,0.13,drop_call,0.23,0.4,drop_call,0.33,0.4,drop_call
3,t1,13,Read,12620,0,0,0,0.33,0.12,drop_call,0.2,0.38,drop_call,0.29,0.36,drop_call
3,t1,14,Read,17760,0,0,0,0.31,0.12,drop_call,0.19,0.35,drop_call,0.3,0.37,drop_call
3,t1,15,Bash,5007,0,0,1,0.29,0.13,drop_call,0.17,0.31,drop_call,0.24,0.32,drop_call
3,t1,16,Bash,10070,0,0,0,0.27,0.13,drop_call,0.19,0.33,drop_call,0.25,0.28,drop_call
3,t1,17,Read,12900,0,0,0,0.31,0.12,drop_call,0.2,0.36,drop_call,0.27,0.33,drop_call
3,t1,18,Read,10553,0,0,0,0.32,0.13,drop_call,0.22,0.31,drop_call,0.28,0.31,drop_call
3,t1,19,Read,13401,0,0,0,0.33,0.12,drop_call,0.2,0.35,drop_call,0.29,0.37,drop_call
3,t1,20,Read,11966,0,0,0,0.36,0.15,drop_call,0.22,0.4,drop_call,0.31,0.4,drop_call
3,t1,21,Read,12286,0,0,0,0.29,0.13,drop_call,0.19,0.35,drop_call,0.3,0.33,drop_call
3,t1,22,Read,21446,0,0,0,0.43,0.14,drop_call,0.22,0.47,drop_call,0.39,0.51,drop_result
3,t1,23,Read,11157,0,0,0,0.29,0.13,drop_call,0.2,0.36,drop_call,0.3,0.34,drop_call
3,t1,24,Read,7790,0,0,0,0.28,0.13,drop_call,0.21,0.28,drop_call,0.29,0.31,drop_call
3,t1,25,Read,12316,0,0,0,0.3,0.12,drop_call,0.21,0.33,drop_call,0.29,0.33,drop_call
3,t1,26,Read,9399,0,0,0,0.28,0.13,drop_call,0.19,0.33,drop_call,0.29,0.3,drop_call
3,t1,27,Read,7837,0,0,0,0.27,0.12,drop_call,0.23,0.3,drop_call,0.28,0.31,drop_call
3,t1,28,Read,7985,0,0,0,0.33,0.13,drop_call,0.21,0.35,drop_call,0.28,0.36,drop_call
3,t1,29,Read,8233,0,0,0,0.3,0.13,drop_call,0.22,0.34,drop_call,0.29,0.33,drop_call
3,t1,30,Read,6725,0,0,0,0.31,0.12,drop_call,0.24,0.3,drop_call,0.27,0.32,drop_call
3,t1,31,Read,8855,0,0,0,0.28,0.11,drop_call,0.22,0.31,drop_call,0.27,0.31,drop_call
3,t1,32,Read,11329,0,0,0,0.27,0.13,drop_call,0.22,0.31,drop_call,0.29,0.32,drop_call
3,t1,33,Read,7442,0,0,0,0.26,0.12,drop_call,0.2,0.28,drop_call,0.27,0.3,drop_call
3,t1,34,Read,7740,0,0,0,0.3,0.13,drop_call,0.21,0.35,drop_call,0.28,0.34,drop_call
3,t1,35,Read,12779,0,0,0,0.31,0.13,drop_call,0.23,0.34,drop_call,0.31,0.36,drop_call
3,t1,36,Bash,1909,0,0,1,0.3,0.14,drop_call,0.21,0.35,drop_call,0.3,0.33,drop_call
3,t1,37,Bash,4760,0,0,0,0.26,0.14,drop_call,0.19,0.29,drop_call,0.27,0.28,drop_call
3,t1,38,Bash,3496,0,0,1,0.28,0.13,drop_call,0.18,0.29,drop_call,0.27,0.3,drop_call
3,t1,39,Bash,1851,0,0,0,0.28,0.13,drop_call,0.18,0.28,drop_call,0.24,0.29,drop_call
3,t1,40,Bash,5359,0,1,0,,,pinned,,,pinned,,,pinned
3,t1,41,Write,164,0,1,1,,,pinned,,,pinned,,,pinned
3,t1,42,Bash,63,0,1,1,,,pinned,,,pinned,,,pinned
3,t2,1,Read,4510,0,0,0,0.39,0.14,drop_call,0.21,0.44,drop_call,0.34,0.45,drop_call
3,t2,2,Read,2007,0,0,0,0.37,0.14,drop_call,0.23,0.43,drop_call,0.4,0.46,drop_call
3,t2,3,Bash,9745,1,0,1,0.3,0.13,drop_call,0.17,0.35,drop_call,0.19,0.37,drop_call
3,t2,4,Bash,1222,0,0,0,0.31,0.12,drop_call,0.17,0.34,drop_call,0.23,0.37,drop_call
3,t2,5,Bash,1734,0,0,0,0.28,0.13,drop_call,0.18,0.32,drop_call,0.25,0.33,drop_call
3,t2,6,Bash,16337,0,0,0,0.37,0.12,drop_call,0.17,0.43,drop_call,0.23,0.42,drop_call
3,t2,7,Read,3944,0,0,0,0.34,0.16,drop_call,0.23,0.44,drop_call,0.34,0.44,drop_call
3,t2,8,Read,3176,0,0,0,0.35,0.15,drop_call,0.22,0.41,drop_call,0.32,0.45,drop_call
3,t2,9,Read,4628,0,0,0,0.36,0.14,drop_call,0.22,0.41,drop_call,0.34,0.44,drop_call
3,t2,10,Read,16044,0,0,0,0.35,0.16,drop_call,0.23,0.42,drop_call,0.33,0.43,drop_call
3,t2,11,Read,5231,0,0,0,0.32,0.15,drop_call,0.2,0.4,drop_call,0.33,0.38,drop_call
3,t2,12,Read,4672,0,0,0,0.3,0.17,drop_call,0.24,0.38,drop_call,0.35,0.38,drop_call
3,t2,13,Bash,1407,0,0,0,0.27,0.14,drop_call,0.19,0.32,drop_call,0.25,0.32,drop_call
3,t2,14,Read,15739,0,0,0,0.27,0.13,drop_call,0.18,0.31,drop_call,0.29,0.32,drop_call
3,t2,15,Read,9091,0,0,0,0.31,0.12,drop_call,0.18,0.38,drop_call,0.25,0.38,drop_call
3,t2,16,Read,10116,0,0,0,0.28,0.12,drop_call,0.18,0.33,drop_call,0.29,0.36,drop_call
3,t2,17,Read,9129,0,0,0,0.29,0.12,drop_call,0.18,0.34,drop_call,0.26,0.34,drop_call
3,t2,18,Read,12773,0,0,0,0.27,0.11,drop_call,0.17,0.35,drop_call,0.28,0.34,drop_call
3,t2,19,Read,7972,0,0,0,0.3,0.15,drop_call,0.23,0.35,drop_call,0.31,0.37,drop_call
3,t2,20,Read,8218,0,0,0,0.27,0.12,drop_call,0.2,0.35,drop_call,0.27,0.34,drop_call
3,t2,21,Read,17990,0,0,0,0.26,0.13,drop_call,0.18,0.32,drop_call,0.27,0.33,drop_call
3,t2,22,Read,8489,0,0,0,0.27,0.13,drop_call,0.19,0.36,drop_call,0.29,0.34,drop_call
3,t2,23,Read,10416,0,0,0,0.28,0.14,drop_call,0.19,0.33,drop_call,0.27,0.32,drop_call
3,t2,24,Bash,3817,0,0,0,0.22,0.12,drop_call,0.15,0.22,drop_call,0.2,0.22,drop_call
3,t2,25,Bash,5101,0,0,0,0.23,0.13,drop_call,0.17,0.26,drop_call,0.21,0.25,drop_call
3,t2,26,Read,5987,0,0,0,0.27,0.13,drop_call,0.17,0.35,drop_call,0.26,0.34,drop_call
3,t2,27,Read,4169,0,0,0,0.29,0.13,drop_call,0.18,0.34,drop_call,0.24,0.33,drop_call
3,t2,28,Read,3018,0,0,0,0.29,0.11,drop_call,0.16,0.34,drop_call,0.23,0.35,drop_call
3,t2,29,Bash,2730,0,0,1,0.3,0.1,drop_call,0.13,0.34,drop_call,0.21,0.33,drop_call
3,t2,30,Bash,1890,0,0,1,0.25,0.11,drop_call,0.15,0.3,drop_call,0.23,0.29,drop_call
3,t2,31,Bash,110,0,0,0,0.29,0.1,drop_call,0.14,0.35,drop_call,0.22,0.3,drop_call
3,t2,32,Bash,179,0,0,1,0.25,0.09,drop_call,0.13,0.29,drop_call,0.18,0.27,drop_call
3,t2,33,Read,31430,0,0,0,0.36,0.12,drop_call,0.19,0.38,drop_call,0.28,0.42,drop_call
3,t2,34,Read,5226,0,0,0,0.27,0.11,drop_call,0.17,0.29,drop_call,0.22,0.29,drop_call
3,t2,35,Read,6196,0,0,0,0.27,0.12,drop_call,0.15,0.29,drop_call,0.22,0.29,drop_call
3,t2,36,Read,7766,0,0,0,0.26,0.13,drop_call,0.17,0.33,drop_call,0.23,0.34,drop_call
3,t2,37,Bash,1637,0,0,1,0.24,0.12,drop_call,0.15,0.28,drop_call,0.23,0.26,drop_call
3,t2,38,Read,8105,0,0,0,0.27,0.12,drop_call,0.18,0.31,drop_call,0.26,0.3,drop_call
3,t2,39,Read,8064,0,0,0,0.25,0.12,drop_call,0.18,0.29,drop_call,0.23,0.29,drop_call
3,t2,40,Read,6909,0,0,0,0.26,0.1,drop_call,0.18,0.32,drop_call,0.23,0.32,drop_call
3,t2,41,Read,18367,0,0,0,0.32,0.13,drop_call,0.21,0.38,drop_call,0.3,0.37,drop_call
3,t2,42,Read,14947,0,0,0,0.3,0.12,drop_call,0.2,0.36,drop_call,0.31,0.36,drop_call
3,t2,43,Read,7302,0,0,0,0.3,0.13,drop_call,0.19,0.34,drop_call,0.28,0.33,drop_call
3,t2,44,Read,13969,0,0,0,0.27,0.13,drop_call,0.18,0.31,drop_call,0.27,0.32,drop_call
3,t2,45,Read,10826,0,0,0,0.28,0.13,drop_call,0.2,0.33,drop_call,0.26,0.32,drop_call
3,t2,46,Read,5377,0,0,0,0.28,0.13,drop_call,0.2,0.33,drop_call,0.24,0.34,drop_call
3,t2,47,Read,12889,0,0,0,0.25,0.13,drop_call,0.19,0.34,drop_call,0.27,0.32,drop_call
3,t2,48,Read,12213,0,0,0,0.31,0.14,drop_call,0.18,0.4,drop_call,0.28,0.37,drop_call
3,t2,49,Read,6903,0,0,0,0.3,0.14,drop_call,0.2,0.35,drop_call,0.3,0.36,drop_call
3,t2,50,Bash,6928,0,0,0,0.22,0.12,drop_call,0.16,0.25,drop_call,0.2,0.24,drop_call
3,t2,51,Read,13157,0,0,0,0.27,0.14,drop_call,0.2,0.32,drop_call,0.28,0.3,drop_call
3,t2,52,Read,12258,0,0,0,0.26,0.14,drop_call,0.2,0.31,drop_call,0.27,0.32,drop_call
3,t2,53,Read,9843,0,0,0,0.26,0.12,drop_call,0.19,0.31,drop_call,0.28,0.3,drop_call
3,t2,54,Bash,1755,0,0,0,0.29,0.15,drop_call,0.19,0.32,drop_call,0.29,0.31,drop_call
3,t2,55,Bash,769,0,1,1,,,pinned,,,pinned,,,pinned
3,t2,56,Write,164,0,1,1,,,pinned,,,pinned,,,pinned
3,t2,57,Bash,55,0,1,1,,,pinned,,,pinned,,,pinned
3,t3,1,Read,5481,0,0,0,0.35,0.18,drop_call,0.28,0.37,drop_call,0.43,0.4,drop_call
3,t3,2,Bash,8029,0,0,1,0.24,0.12,drop_call,0.16,0.28,drop_call,0.22,0.29,drop_call
3,t3,3,Bash,5372,0,0,1,0.23,0.12,drop_call,0.18,0.27,drop_call,0.23,0.27,drop_call
3,t3,4,Bash,2368,0,0,0,0.2,0.11,drop_call,0.15,0.23,drop_call,0.2,0.24,drop_call
3,t3,5,Bash,695,0,0,0,0.18,0.11,drop_call,0.14,0.19,drop_call,0.19,0.2,drop_call
3,t3,6,Bash,649,0,0,0,0.21,0.11,drop_call,0.14,0.22,drop_call,0.19,0.23,drop_call
3,t3,7,Bash,3813,0,0,0,0.2,0.12,drop_call,0.17,0.23,drop_call,0.21,0.24,drop_call
3,t3,8,Bash,3548,0,0,0,0.2,0.1,drop_call,0.14,0.22,drop_call,0.17,0.22,drop_call
3,t3,9,Bash,1948,0,0,0,0.22,0.12,drop_call,0.16,0.24,drop_call,0.22,0.25,drop_call
3,t3,10,Bash,848,0,0,1,0.18,0.09,drop_call,0.13,0.2,drop_call,0.16,0.21,drop_call
3,t3,11,Grep,8300,0,0,0,0.27,0.13,drop_call,0.18,0.28,drop_call,0.27,0.31,drop_call
3,t3,12,Read,6222,0,0,0,0.23,0.13,drop_call,0.17,0.27,drop_call,0.24,0.26,drop_call
3,t3,13,Read,5618,0,0,0,0.26,0.13,drop_call,0.18,0.31,drop_call,0.26,0.31,drop_call
3,t3,14,Bash,1774,0,0,0,0.21,0.11,drop_call,0.17,0.24,drop_call,0.24,0.24,drop_call
3,t3,15,Grep,106,0,0,0,0.2,0.1,drop_call,0.12,0.22,drop_call,0.16,0.23,drop_call
3,t3,16,Grep,503,0,0,0,0.2,0.11,drop_call,0.14,0.23,drop_call,0.18,0.23,drop_call
3,t3,17,Bash,6255,0,0,0,0.23,0.13,drop_call,0.17,0.26,drop_call,0.26,0.27,drop_call
3,t3,18,Read,6029,0,0,0,0.28,0.13,drop_call,0.19,0.3,drop_call,0.26,0.3,drop_call
3,t3,19,Bash,1921,1,0,0,0.21,0.13,drop_call,0.17,0.24,drop_call,0.21,0.25,drop_call
3,t3,20,Bash,6243,0,0,0,0.2,0.12,drop_call,0.16,0.22,drop_call,0.2,0.23,drop_call
3,t3,21,Bash,3427,0,0,0,0.22,0.13,drop_call,0.18,0.26,drop_call,0.24,0.26,drop_call
3,t3,22,Bash,2580,0,0,0,0.22,0.12,drop_call,0.16,0.23,drop_call,0.22,0.24,drop_call
3,t3,23,Read,12067,0,0,0,0.29,0.14,drop_call,0.21,0.33,drop_call,0.29,0.33,drop_call
3,t3,24,Bash,183,0,0,0,0.2,0.1,drop_call,0.14,0.23,drop_call,0.19,0.22,drop_call
3,t3,25,Bash,4586,0,0,1,0.22,0.13,drop_call,0.18,0.25,drop_call,0.21,0.24,drop_call
3,t3,26,Bash,1140,0,0,1,0.21,0.12,drop_call,0.16,0.23,drop_call,0.18,0.23,drop_call
3,t3,27,Bash,2523,0,0,0,0.21,0.11,drop_call,0.16,0.23,drop_call,0.19,0.23,drop_call
3,t3,28,Grep,474,0,0,0,0.18,0.1,drop_call,0.13,0.2,drop_call,0.17,0.2,drop_call
3,t3,29,Bash,3367,0,0,0,0.2,0.12,drop_call,0.17,0.23,drop_call,0.21,0.25,drop_call
3,t3,30,Bash,590,0,0,1,0.24,0.13,drop_call,0.19,0.29,drop_call,0.26,0.28,drop_call
3,t3,31,Bash,4473,0,0,1,0.21,0.12,drop_call,0.17,0.23,drop_call,0.2,0.24,drop_call
3,t3,32,Bash,295,0,0,0,0.18,0.11,drop_call,0.13,0.2,drop_call,0.17,0.2,drop_call
3,t3,33,Bash,2010,0,0,0,0.2,0.09,drop_call,0.12,0.22,drop_call,0.16,0.21,drop_call
3,t3,34,Bash,1064,0,0,0,0.19,0.11,drop_call,0.14,0.19,drop_call,0.18,0.22,drop_call
3,t3,35,Bash,162,0,0,1,0.22,0.11,drop_call,0.13,0.23,drop_call,0.21,0.24,drop_call
3,t3,36,Bash,3910,0,0,0,0.21,0.12,drop_call,0.16,0.23,drop_call,0.19,0.24,drop_call
3,t3,37,Bash,1305,0,0,0,0.21,0.13,drop_call,0.17,0.23,drop_call,0.21,0.22,drop_call
3,t3,38,Read,2919,0,0,0,0.23,0.13,drop_call,0.18,0.28,drop_call,0.27,0.29,drop_call
3,t3,39,Write,142,0,0,0,0.31,0.18,drop_call,0.24,0.37,drop_call,0.39,0.4,drop_call
3,t3,40,Bash,1009,0,0,1,0.23,0.13,drop_call,0.17,0.24,drop_call,0.25,0.24,drop_call
3,t3,41,Write,139,0,0,0,0.3,0.21,drop_call,0.3,0.37,drop_call,0.38,0.41,drop_call
3,t3,42,Bash,1424,0,0,1,0.23,0.14,drop_call,0.19,0.22,drop_call,0.3,0.23,drop_call
3,t3,43,Bash,412,0,0,1,0.23,0.14,drop_call,0.2,0.25,drop_call,0.3,0.26,drop_call
3,t3,44,Bash,2627,0,0,0,0.22,0.13,drop_call,0.18,0.24,drop_call,0.23,0.24,drop_call
3,t3,45,Bash,890,0,0,0,0.26,0.17,drop_call,0.19,0.28,drop_call,0.3,0.28,drop_call
3,t3,46,Bash,303,0,0,1,0.22,0.15,drop_call,0.21,0.25,drop_call,0.36,0.27,drop_call
3,t3,47,Bash,170,0,0,1,0.2,0.14,drop_call,0.19,0.23,drop_call,0.3,0.23,drop_call
3,t3,48,Bash,123,0,1,0,,,pinned,,,pinned,,,pinned
3,t3,49,Write,159,0,1,0,,,pinned,,,pinned,,,pinned
3,t3,50,Bash,15,0,1,1,,,pinned,,,pinned,,,pinned
3,t4,1,Bash,6048,0,0,0,0.28,0.15,drop_call,0.2,0.3,drop_call,0.3,0.28,drop_call
3,t4,2,Bash,15974,0,0,0,0.35,0.18,drop_call,0.28,0.39,drop_call,0.39,0.4,drop_call
3,t4,3,Bash,5184,0,0,0,0.22,0.13,drop_call,0.19,0.25,drop_call,0.24,0.26,drop_call
3,t4,4,Bash,21238,0,0,0,0.29,0.16,drop_call,0.22,0.32,drop_call,0.27,0.29,drop_call
3,t4,5,Bash,7298,0,0,0,0.27,0.15,drop_call,0.21,0.32,drop_call,0.25,0.29,drop_call
3,t4,6,Bash,4339,0,0,0,0.25,0.13,drop_call,0.17,0.31,drop_call,0.22,0.29,drop_call
3,t4,7,Bash,2143,0,0,0,0.31,0.2,drop_call,0.25,0.36,drop_call,0.37,0.37,drop_call
3,t4,8,Bash,806,0,0,0,0.2,0.11,drop_call,0.14,0.23,drop_call,0.19,0.23,drop_call
3,t4,9,Bash,6894,0,0,0,0.25,0.15,drop_call,0.18,0.3,drop_call,0.23,0.29,drop_call
3,t4,10,Bash,69,0,0,1,0.3,0.18,drop_call,0.23,0.34,drop_call,0.38,0.35,drop_call
3,t4,11,PowerShell,126,0,0,1,0.27,0.13,drop_call,0.16,0.29,drop_call,0.24,0.28,drop_call
3,t4,12,Bash,1399,0,0,1,0.3,0.13,drop_call,0.18,0.36,drop_call,0.28,0.36,drop_call
3,t4,13,Bash,76,0,0,0,0.23,0.12,drop_call,0.15,0.25,drop_call,0.2,0.25,drop_call
3,t4,14,Bash,1168,0,0,0,0.19,0.12,drop_call,0.16,0.21,drop_call,0.19,0.22,drop_call
3,t4,15,Bash,669,0,0,0,0.36,0.15,drop_call,0.23,0.42,drop_call,0.33,0.4,drop_call
3,t4,16,Bash,10191,0,0,0,0.27,0.13,drop_call,0.19,0.3,drop_call,0.24,0.31,drop_call
3,t4,17,Bash,640,0,0,1,0.29,0.14,drop_call,0.18,0.34,drop_call,0.27,0.36,drop_call
3,t4,18,Bash,3125,0,0,0,0.25,0.13,drop_call,0.16,0.29,drop_call,0.25,0.3,drop_call
3,t4,19,Bash,85,0,0,0,0.28,0.13,drop_call,0.18,0.31,drop_call,0.26,0.33,drop_call
3,t4,20,Bash,1970,0,0,0,0.29,0.16,drop_call,0.19,0.31,drop_call,0.3,0.3,drop_call
3,t4,21,Bash,762,0,0,1,0.26,0.16,drop_call,0.22,0.3,drop_call,0.35,0.31,drop_call
3,t4,22,Bash,1116,0,0,1,0.24,0.16,drop_call,0.24,0.28,drop_call,0.34,0.28,drop_call
3,t4,23,Bash,488,0,0,1,0.28,0.19,drop_call,0.26,0.33,drop_call,0.39,0.33,drop_call
3,t4,24,Bash,1001,0,0,0,0.24,0.14,drop_call,0.19,0.29,drop_call,0.27,0.28,drop_call
3,t4,25,Bash,2286,0,0,1,0.29,0.16,drop_call,0.22,0.34,drop_call,0.26,0.33,drop_call
3,t4,26,Bash,6074,0,0,0,0.26,0.17,drop_call,0.23,0.35,drop_call,0.25,0.3,drop_call
3,t4,27,Bash,295,1,0,0,0.19,0.11,drop_call,0.13,0.21,drop_call,0.16,0.2,drop_call
3,t4,28,Bash,3662,0,0,0,0.22,0.12,drop_call,0.17,0.24,drop_call,0.21,0.24,drop_call
3,t4,29,Bash,1020,0,0,0,0.27,0.14,drop_call,0.19,0.27,drop_call,0.25,0.26,drop_call
3,t4,30,Write,178,0,0,0,0.36,0.21,drop_call,0.32,0.41,drop_call,0.45,0.42,drop_call
3,t4,31,PowerShell,2232,0,0,0,0.29,0.15,drop_call,0.21,0.33,drop_call,0.27,0.34,drop_call
3,t4,32,Bash,34,0,0,0,0.32,0.18,drop_call,0.24,0.4,drop_call,0.38,0.37,drop_call
3,t4,33,Bash,673,0,0,1,0.34,0.19,drop_call,0.24,0.4,drop_call,0.27,0.42,drop_call
3,t4,34,Bash,602,0,0,1,0.34,0.24,drop_call,0.38,0.38,drop_call,0.47,0.38,drop_call
3,t4,35,Bash,2959,0,0,0,0.31,0.27,drop_call,0.37,0.35,drop_call,0.39,0.35,drop_call
3,t4,36,PowerShell,233,0,0,1,0.26,0.13,drop_call,0.18,0.29,drop_call,0.25,0.28,drop_call
3,t4,37,Bash,673,0,0,0,0.34,0.16,drop_call,0.18,0.36,drop_call,0.25,0.36,drop_call
3,t4,38,ToolSearch,0,0,0,0,0.17,0.05,drop_call,0.06,0.18,drop_call,0.07,0.2,drop_call
3,t4,39,other,302,0,0,1,0.24,0.19,drop_call,0.2,0.27,drop_call,0.22,0.26,drop_call
3,t4,40,Bash,25,0,0,0,0.21,0.14,drop_call,0.16,0.22,drop_call,0.21,0.22,drop_call
3,t4,41,Bash,405,0,0,0,0.23,0.14,drop_call,0.16,0.24,drop_call,0.19,0.23,drop_call
3,t4,42,Bash,34,0,0,0,0.18,0.12,drop_call,0.13,0.19,drop_call,0.16,0.19,drop_call
3,t4,43,Bash,199,0,0,0,0.19,0.13,drop_call,0.15,0.21,drop_call,0.2,0.21,drop_call
3,t4,44,Bash,376,0,0,0,0.18,0.14,drop_call,0.19,0.2,drop_call,0.23,0.21,drop_call
3,t4,45,Bash,409,0,0,1,0.35,0.16,drop_call,0.2,0.34,drop_call,0.26,0.35,drop_call
3,t4,46,Bash,1434,0,0,1,0.36,0.25,drop_call,0.36,0.38,drop_call,0.48,0.38,drop_call
3,t4,47,Bash,1022,0,0,0,0.19,0.1,drop_call,0.13,0.21,drop_call,0.18,0.2,drop_call
3,t4,48,Bash,468,0,0,0,0.22,0.15,drop_call,0.19,0.25,drop_call,0.27,0.25,drop_call
3,t4,49,Bash,227,0,0,0,0.34,0.15,drop_call,0.22,0.38,drop_call,0.35,0.35,drop_call
3,t4,50,Bash,157,0,0,0,0.28,0.17,drop_call,0.21,0.32,drop_call,0.33,0.3,drop_call
3,t4,51,Bash,480,0,0,1,0.24,0.2,drop_call,0.24,0.25,drop_call,0.32,0.29,drop_call
3,t4,52,PowerShell,142,0,0,0,0.22,0.14,drop_call,0.18,0.24,drop_call,0.33,0.24,drop_call
3,t4,53,Bash,415,0,0,0,0.24,0.14,drop_call,0.17,0.26,drop_call,0.23,0.26,drop_call
3,t4,54,Write,170,0,1,0,,,pinned,,,pinned,,,pinned
3,t4,55,Bash,236,0,1,0,,,pinned,,,pinned,,,pinned
3,t4,56,Bash,262,0,1,0,,,pinned,,,pinned,,,pinned
4,t1,1,Bash,18312,0,0,0,0.24,0.1,drop_call,0.16,0.27,drop_call,0.25,0.26,drop_call
4,t1,2,Bash,2116,0,0,1,0.26,0.17,drop_call,0.24,0.34,drop_call,0.41,0.34,drop_call
4,t1,3,Bash,18824,0,0,0,0.29,0.17,drop_call,0.24,0.35,drop_call,0.38,0.37,drop_call
4,t1,4,Read,11568,0,0,0,0.32,0.15,drop_call,0.26,0.35,drop_call,0.43,0.37,drop_call
4,t1,5,Read,17599,0,0,0,0.3,0.14,drop_call,0.23,0.32,drop_call,0.36,0.33,drop_call
4,t1,6,Read,22089,0,0,0,0.31,0.18,drop_call,0.28,0.34,drop_call,0.42,0.38,drop_call
4,t1,7,Bash,7688,0,0,1,0.28,0.14,drop_call,0.2,0.31,drop_call,0.31,0.37,drop_call
4,t1,8,Read,13804,0,0,0,0.39,0.16,drop_call,0.28,0.44,drop_call,0.45,0.46,drop_call
4,t1,9,Bash,7300,0,0,0,0.32,0.16,drop_call,0.23,0.35,drop_call,0.33,0.39,drop_call
4,t1,10,Read,18909,0,0,0,0.35,0.19,drop_call,0.3,0.43,drop_call,0.46,0.43,drop_call
4,t1,11,Read,15736,0,0,0,0.29,0.16,drop_call,0.29,0.33,drop_call,0.45,0.38,drop_call
4,t1,12,Read,19158,0,0,0,0.29,0.15,drop_call,0.24,0.32,drop_call,0.46,0.31,drop_call
4,t1,13,Read,10919,0,0,0,0.28,0.17,drop_call,0.27,0.32,drop_call,0.42,0.32,drop_call
4,t1,14,Read,14064,0,0,0,0.29,0.15,drop_call,0.23,0.31,drop_call,0.33,0.31,drop_call
4,t1,15,Read,7413,0,0,0,0.26,0.14,drop_call,0.25,0.32,drop_call,0.37,0.3,drop_call
4,t1,16,Read,14909,0,0,0,0.29,0.15,drop_call,0.23,0.34,drop_call,0.35,0.35,drop_call
4,t1,17,Read,3463,0,0,0,0.29,0.17,drop_call,0.25,0.33,drop_call,0.42,0.34,drop_call
4,t1,18,Read,17438,0,0,0,0.32,0.17,drop_call,0.24,0.36,drop_call,0.42,0.37,drop_call
4,t1,19,Bash,3172,0,0,1,0.37,0.15,drop_call,0.24,0.38,drop_call,0.38,0.4,drop_call
4,t1,20,Bash,6765,0,0,0,0.32,0.14,drop_call,0.24,0.37,drop_call,0.35,0.39,drop_call
4,t1,21,Read,11013,0,0,0,0.31,0.16,drop_call,0.24,0.34,drop_call,0.41,0.36,drop_call
4,t1,22,Bash,7543,0,0,0,0.27,0.12,drop_call,0.18,0.33,drop_call,0.25,0.32,drop_call
4,t1,23,Bash,1810,0,0,0,0.32,0.16,drop_call,0.22,0.39,drop_call,0.36,0.4,drop_call
4,t1,24,Bash,4920,0,0,1,0.31,0.18,drop_call,0.26,0.37,drop_call,0.39,0.36,drop_call
4,t1,25,Bash,6001,0,0,0,0.29,0.15,drop_call,0.22,0.33,drop_call,0.34,0.34,drop_call
4,t1,26,Bash,9081,0,0,0,0.33,0.15,drop_call,0.23,0.35,drop_call,0.32,0.36,drop_call
4,t1,27,Bash,510,0,0,0,0.31,0.17,drop_call,0.22,0.33,drop_call,0.35,0.32,drop_call
4,t1,28,Read,3988,0,0,0,0.31,0.18,drop_call,0.26,0.35,drop_call,0.42,0.38,drop_call
4,t1,29,Read,10074,0,0,0,0.33,0.15,drop_call,0.25,0.36,drop_call,0.41,0.37,drop_call
4,t1,30,Read,13629,0,0,0,0.27,0.16,drop_call,0.27,0.32,drop_call,0.39,0.32,drop_call
4,t1,31,Read,12702,0,0,0,0.31,0.16,drop_call,0.25,0.31,drop_call,0.35,0.34,drop_call
4,t1,32,Bash,3340,0,0,1,0.3,0.16,drop_call,0.23,0.37,drop_call,0.34,0.36,drop_call
4,t1,33,Bash,1811,0,0,0,0.28,0.15,drop_call,0.22,0.29,drop_call,0.3,0.3,drop_call
4,t1,34,Bash,2381,0,0,1,0.37,0.19,drop_call,0.24,0.42,drop_call,0.38,0.41,drop_call
4,t1,35,Read,12160,0,0,0,0.25,0.16,drop_call,0.21,0.28,drop_call,0.33,0.3,drop_call
4,t1,36,Read,6236,0,0,0,0.26,0.17,drop_call,0.24,0.31,drop_call,0.38,0.3,drop_call
4,t1,37,Bash,2905,0,0,1,0.25,0.15,drop_call,0.22,0.3,drop_call,0.3,0.3,drop_call
4,t1,38,Read,15197,0,0,0,0.27,0.17,drop_call,0.22,0.28,drop_call,0.36,0.3,drop_call
4,t1,39,Bash,3593,0,0,0,0.28,0.17,drop_call,0.24,0.32,drop_call,0.35,0.32,drop_call
4,t1,40,Bash,217,0,0,0,0.26,0.14,drop_call,0.21,0.28,drop_call,0.29,0.33,drop_call
4,t1,41,Bash,2066,0,0,0,0.27,0.15,drop_call,0.23,0.27,drop_call,0.33,0.3,drop_call
4,t1,42,Bash,669,0,0,0,0.26,0.15,drop_call,0.21,0.29,drop_call,0.32,0.3,drop_call
4,t1,43,Read,10541,0,0,0,0.27,0.16,drop_call,0.25,0.29,drop_call,0.4,0.28,drop_call
4,t1,44,Read,14653,0,0,0,0.28,0.17,drop_call,0.27,0.34,drop_call,0.4,0.34,drop_call
4,t1,45,Bash,1871,0,0,0,0.22,0.16,drop_call,0.22,0.22,drop_call,0.31,0.23,drop_call
4,t1,46,Read,21758,0,0,0,0.27,0.16,drop_call,0.22,0.31,drop_call,0.33,0.27,drop_call
4,t1,47,Read,6878,0,0,0,0.25,0.17,drop_call,0.23,0.29,drop_call,0.35,0.32,drop_call
4,t1,48,Bash,1956,0,0,1,0.22,0.17,drop_call,0.23,0.27,drop_call,0.32,0.25,drop_call
4,t1,49,Read,9089,0,0,0,0.25,0.15,drop_call,0.25,0.31,drop_call,0.37,0.29,drop_call
4,t1,50,Read,16813,0,0,0,0.27,0.14,drop_call,0.25,0.32,drop_call,0.42,0.32,drop_call
4,t1,51,Bash,1145,0,0,1,0.27,0.17,drop_call,0.23,0.3,drop_call,0.35,0.31,drop_call
4,t1,52,Bash,2292,0,0,0,0.35,0.17,drop_call,0.26,0.39,drop_call,0.38,0.4,drop_call
4,t1,53,Bash,1003,0,0,0,0.29,0.16,drop_call,0.23,0.31,drop_call,0.37,0.32,drop_call
4,t1,54,Bash,1702,0,0,0,0.29,0.16,drop_call,0.23,0.31,drop_call,0.35,0.33,drop_call
4,t1,55,Bash,3439,0,0,0,0.25,0.15,drop_call,0.21,0.26,drop_call,0.3,0.29,drop_call
4,t1,56,Bash,1980,0,1,1,,,pinned,,,pinned,,,pinned
4,t1,57,Bash,543,0,1,0,,,pinned,,,pinned,,,pinned
4,t1,58,other,61,0,1,1,,,pinned,,,pinned,,,pinned
4,t2,1,Read,3956,0,0,0,0.33,0.14,drop_call,0.23,0.4,drop_call,0.42,0.39,drop_call
4,t2,2,Read,44926,0,0,0,0.32,0.14,drop_call,0.27,0.44,drop_call,0.42,0.4,drop_call
4,t2,3,Skill,40,0,0,0,0.46,0.14,drop_call,0.17,0.46,drop_call,0.22,0.45,drop_call
4,t2,4,Grep,691,0,0,0,0.26,0.13,drop_call,0.2,0.33,drop_call,0.24,0.33,drop_call
4,t2,5,Read,5484,0,0,0,0.28,0.14,drop_call,0.2,0.35,drop_call,0.25,0.34,drop_call
4,t2,6,Bash,3859,0,0,0,0.42,0.14,drop_call,0.22,0.5,drop_result,0.3,0.47,drop_call
4,t2,7,Bash,10429,0,0,0,0.44,0.15,drop_call,0.22,0.46,drop_call,0.29,0.44,drop_call
4,t2,8,Bash,11102,0,0,1,0.51,0.17,drop_result,0.27,0.57,drop_result,0.34,0.52,drop_result
4,t2,9,Write,151,0,0,0,0.45,0.17,drop_call,0.22,0.55,drop_result,0.36,0.53,drop_result
4,t2,10,Bash,1099,0,0,0,0.25,0.13,drop_call,0.19,0.29,drop_call,0.23,0.27,drop_call
4,t2,11,Bash,1436,1,0,1,0.34,0.15,drop_call,0.22,0.37,drop_call,0.29,0.36,drop_call
4,t2,12,Bash,2553,1,0,1,0.25,0.13,drop_call,0.18,0.28,drop_call,0.21,0.28,drop_call
4,t2,13,Write,149,0,0,0,0.31,0.13,drop_call,0.18,0.34,drop_call,0.29,0.34,drop_call
4,t2,14,Bash,5367,0,0,0,0.3,0.18,drop_call,0.23,0.32,drop_call,0.27,0.31,drop_call
4,t2,15,Bash,558,0,0,0,0.37,0.14,drop_call,0.19,0.4,drop_call,0.28,0.39,drop_call
4,t2,16,Write,150,0,0,0,0.4,0.15,drop_call,0.23,0.48,drop_call,0.32,0.43,drop_call
4,t2,17,Bash,96,0,0,0,0.22,0.1,drop_call,0.13,0.23,drop_call,0.16,0.23,drop_call
4,t2,18,Read,402,0,0,0,0.26,0.12,drop_call,0.17,0.29,drop_call,0.23,0.3,drop_call
4,t2,19,Grep,762,0,0,0,0.34,0.16,drop_call,0.2,0.4,drop_call,0.29,0.38,drop_call
4,t2,20,Edit,94,0,0,0,0.42,0.19,drop_call,0.19,0.47,drop_call,0.25,0.48,drop_call
4,t2,21,Edit,94,0,0,0,0.36,0.16,drop_call,0.19,0.43,drop_call,0.25,0.42,drop_call
4,t2,22,Bash,177,0,0,1,0.3,0.18,drop_call,0.19,0.33,drop_call,0.24,0.32,drop_call
4,t2,23,Write,148,0,0,0,0.3,0.15,drop_call,0.19,0.34,drop_call,0.28,0.34,drop_call
4,t2,24,Bash,28927,0,0,1,0.27,0.15,drop_call,0.18,0.29,drop_call,0.22,0.27,drop_call
4,t2,25,Write,146,0,0,0,0.3,0.15,drop_call,0.18,0.35,drop_call,0.26,0.35,drop_call
4,t2,26,Bash,7708,0,0,1,0.28,0.15,drop_call,0.19,0.29,drop_call,0.22,0.29,drop_call
4,t2,27,Bash,3455,0,0,0,0.39,0.15,drop_call,0.21,0.41,drop_call,0.26,0.39,drop_call
4,t2,28,Bash,4392,0,0,0,0.36,0.14,drop_call,0.22,0.39,drop_call,0.25,0.37,drop_call
4,t2,29,Grep,1123,0,0,0,0.36,0.17,drop_call,0.22,0.4,drop_call,0.28,0.4,drop_call
4,t2,30,Bash,14077,0,0,1,0.41,0.17,drop_call,0.23,0.43,drop_call,0.28,0.44,drop_call
4,t2,31,Write,124,0,0,0,0.41,0.13,drop_call,0.21,0.46,drop_call,0.32,0.46,drop_call
4,t2,32,Bash,2491,0,0,0,0.38,0.18,drop_call,0.26,0.4,drop_call,0.32,0.39,drop_call
4,t2,33,Bash,1347,0,0,0,0.35,0.17,drop_call,0.24,0.39,drop_call,0.31,0.39,drop_call
4,t2,34,Bash,1080,0,0,0,0.32,0.17,drop_call,0.22,0.36,drop_call,0.3,0.37,drop_call
4,t2,35,Bash,1389,0,0,0,0.37,0.18,drop_call,0.26,0.46,drop_call,0.34,0.43,drop_call
4,t2,36,Write,147,0,0,0,0.44,0.17,drop_call,0.26,0.53,drop_result,0.34,0.52,drop_result
4,t2,37,Bash,260,0,0,0,0.31,0.13,drop_call,0.17,0.36,drop_call,0.26,0.33,drop_call
4,t2,38,Read,635,0,0,0,0.3,0.13,drop_call,0.18,0.33,drop_call,0.28,0.36,drop_call
4,t2,39,Edit,91,0,0,0,0.48,0.17,drop_call,0.24,0.52,drop_result,0.34,0.54,drop_result
4,t2,40,Edit,83,0,0,0,0.47,0.15,drop_call,0.22,0.53,drop_result,0.31,0.52,drop_result
4,t2,41,Edit,107,1,0,0,0.31,0.13,drop_call,0.16,0.35,drop_call,0.23,0.35,drop_call
4,t2,42,Read,550,0,0,0,0.29,0.12,drop_call,0.18,0.34,drop_call,0.27,0.33,drop_call
4,t2,43,Edit,83,0,0,0,0.32,0.12,drop_call,0.17,0.37,drop_call,0.23,0.37,drop_call
4,t2,44,Bash,1072,0,0,1,0.32,0.17,drop_call,0.21,0.36,drop_call,0.27,0.37,drop_call
4,t2,45,Bash,591,0,0,0,0.4,0.16,drop_call,0.23,0.44,drop_call,0.33,0.41,drop_call
4,t2,46,Bash,1098,0,0,0,0.41,0.16,drop_call,0.21,0.44,drop_call,0.26,0.44,drop_call
4,t2,47,Bash,224,0,0,1,0.34,0.22,drop_call,0.26,0.38,drop_call,0.31,0.36,drop_call
4,t2,48,Bash,893,0,0,0,0.34,0.21,drop_call,0.27,0.38,drop_call,0.34,0.36,drop_call
4,t2,49,Write,148,0,0,0,0.34,0.14,drop_call,0.19,0.39,drop_call,0.28,0.37,drop_call
4,t2,50,Bash,1551,0,1,1,,,pinned,,,pinned,,,pinned
4,t2,51,Write,148,0,1,0,,,pinned,,,pinned,,,pinned
4,t2,52,Bash,1207,0,1,1,,,pinned,,,pinned,,,pinned
4,t3,1,Read,4008,0,0,0,0.32,0.15,drop_call,0.27,0.39,drop_call,0.42,0.35,drop_call
4,t3,2,Bash,5630,0,0,0,0.23,0.12,drop_call,0.17,0.25,drop_call,0.2,0.25,drop_call
4,t3,3,PowerShell,744,0,0,1,0.29,0.17,drop_call,0.27,0.33,drop_call,0.51,0.34,keep
4,t3,4,PowerShell,653,0,0,1,0.27,0.16,drop_call,0.24,0.3,drop_call,0.43,0.3,drop_call
4,t3,5,Bash,5922,0,0,0,0.26,0.15,drop_call,0.22,0.3,drop_call,0.31,0.3,drop_call
4,t3,6,Bash,8783,0,0,0,0.28,0.13,drop_call,0.2,0.31,drop_call,0.25,0.3,drop_call
4,t3,7,Bash,11436,0,0,0,0.26,0.14,drop_call,0.22,0.28,drop_call,0.29,0.29,drop_call
4,t3,8,Bash,12253,0,0,0,0.28,0.14,drop_call,0.2,0.32,drop_call,0.29,0.3,drop_call
4,t3,9,Bash,1598,0,0,1,0.29,0.16,drop_call,0.24,0.34,drop_call,0.33,0.32,drop_call
4,t3,10,Bash,6374,0,0,1,0.3,0.18,drop_call,0.28,0.34,drop_call,0.37,0.34,drop_call
4,t3,11,Bash,1622,0,0,1,0.27,0.14,drop_call,0.21,0.31,drop_call,0.28,0.3,drop_call
4,t3,12,Bash,3348,0,0,0,0.26,0.14,drop_call,0.24,0.3,drop_call,0.36,0.31,drop_call
4,t3,13,Grep,103,0,0,0,0.24,0.1,drop_call,0.16,0.29,drop_call,0.23,0.28,drop_call
4,t3,14,Bash,6409,0,0,0,0.28,0.15,drop_call,0.23,0.31,drop_call,0.35,0.3,drop_call
4,t3,15,Grep,554,0,0,0,0.28,0.15,drop_call,0.21,0.3,drop_call,0.33,0.3,drop_call
4,t3,16,Bash,3933,0,0,0,0.28,0.14,drop_call,0.24,0.33,drop_call,0.35,0.31,drop_call
4,t3,17,Bash,1335,0,0,0,0.28,0.14,drop_call,0.22,0.31,drop_call,0.31,0.3,drop_call
4,t3,18,Bash,2717,0,0,0,0.27,0.14,drop_call,0.22,0.35,drop_call,0.28,0.31,drop_call
4,t3,19,Bash,2319,0,0,0,0.27,0.15,drop_call,0.22,0.3,drop_call,0.32,0.31,drop_call
4,t3,20,Bash,3457,0,0,0,0.23,0.15,drop_call,0.19,0.27,drop_call,0.27,0.26,drop_call
4,t3,21,Bash,1319,0,0,0,0.23,0.15,drop_call,0.2,0.27,drop_call,0.28,0.25,drop_call
4,t3,22,Bash,1182,0,0,0,0.25,0.13,drop_call,0.18,0.25,drop_call,0.26,0.24,drop_call
4,t3,23,Bash,346,0,0,1,0.23,0.14,drop_call,0.21,0.26,drop_call,0.32,0.25,drop_call
4,t3,24,Bash,4718,0,0,0,0.27,0.14,drop_call,0.21,0.28,drop_call,0.31,0.27,drop_call
4,t3,25,Bash,5096,0,0,0,0.25,0.13,drop_call,0.21,0.27,drop_call,0.29,0.27,drop_call
4,t3,26,Grep,3625,0,0,0,0.27,0.15,drop_call,0.22,0.32,drop_call,0.31,0.3,drop_call
4,t3,27,Bash,5979,0,0,0,0.26,0.15,drop_call,0.2,0.29,drop_call,0.29,0.27,drop_call
4,t3,28,Grep,5950,0,0,0,0.29,0.14,drop_call,0.22,0.31,drop_call,0.3,0.32,drop_call
4,t3,29,Bash,3538,0,0,0,0.27,0.15,drop_call,0.22,0.3,drop_call,0.28,0.28,drop_call
4,t3,30,Bash,3215,0,0,0,0.25,0.15,drop_call,0.21,0.28,drop_call,0.28,0.26,drop_call
4,t3,31,Bash,721,0,0,1,0.26,0.15,drop_call,0.23,0.3,drop_call,0.32,0.3,drop_call
4,t3,32,Bash,5782,0,0,0,0.23,0.14,drop_call,0.21,0.26,drop_call,0.27,0.25,drop_call
4,t3,33,Bash,1160,0,0,0,0.23,0.13,drop_call,0.17,0.27,drop_call,0.24,0.25,drop_call
4,t3,34,Bash,248,0,0,0,0.23,0.14,drop_call,0.2,0.26,drop_call,0.28,0.24,drop_call
4,t3,35,Bash,1025,0,0,1,0.24,0.14,drop_call,0.24,0.26,drop_call,0.4,0.25,drop_call
4,t3,36,Bash,4042,0,0,0,0.24,0.14,drop_call,0.21,0.25,drop_call,0.28,0.24,drop_call
4,t3,37,Bash,3193,0,0,0,0.22,0.14,drop_call,0.21,0.25,drop_call,0.27,0.26,drop_call
4,t3,38,Bash,4397,0,0,0,0.26,0.15,drop_call,0.24,0.3,drop_call,0.31,0.28,drop_call
4,t3,39,Bash,576,0,0,0,0.26,0.17,drop_call,0.23,0.28,drop_call,0.35,0.28,drop_call
4,t3,40,Bash,3036,0,0,0,0.24,0.15,drop_call,0.22,0.28,drop_call,0.28,0.26,drop_call
4,t3,41,Bash,2150,0,0,0,0.25,0.14,drop_call,0.2,0.28,drop_call,0.25,0.28,drop_call
4,t3,42,Bash,2583,0,0,0,0.28,0.16,drop_call,0.22,0.33,drop_call,0.29,0.3,drop_call
4,t3,43,Bash,3217,0,0,0,0.26,0.17,drop_call,0.24,0.29,drop_call,0.33,0.29,drop_call
4,t3,44,Bash,3221,0,0,0,0.29,0.18,drop_call,0.24,0.3,drop_call,0.35,0.31,drop_call
4,t3,45,Bash,821,0,0,0,0.31,0.17,drop_call,0.24,0.34,drop_call,0.3,0.35,drop_call
4,t3,46,Bash,111,1,0,1,0.29,0.13,drop_call,0.18,0.37,drop_call,0.25,0.34,drop_call
4,t3,47,Bash,2248,0,0,1,0.33,0.18,drop_call,0.26,0.35,drop_call,0.35,0.35,drop_call
4,t3,48,Bash,1100,0,0,1,0.31,0.2,drop_call,0.28,0.32,drop_call,0.4,0.31,drop_call
4,t3,49,Bash,3545,0,0,0,0.3,0.16,drop_call,0.24,0.33,drop_call,0.35,0.31,drop_call
4,t3,50,Bash,1017,0,0,0,0.29,0.15,drop_call,0.22,0.31,drop_call,0.3,0.33,drop_call
4,t3,51,Bash,2971,0,0,0,0.27,0.15,drop_call,0.22,0.31,drop_call,0.34,0.28,drop_call
4,t3,52,Bash,4398,0,0,1,0.29,0.16,drop_call,0.22,0.31,drop_call,0.31,0.3,drop_call
4,t3,53,Bash,1270,0,0,0,0.25,0.15,drop_call,0.19,0.27,drop_call,0.29,0.26,drop_call
4,t3,54,Bash,1665,0,0,0,0.24,0.16,drop_call,0.2,0.26,drop_call,0.29,0.26,drop_call
4,t3,55,Write,167,0,0,0,0.43,0.27,drop_call,0.35,0.47,drop_call,0.38,0.48,drop_call
4,t3,56,Bash,2348,1,1,1,,,pinned,,,pinned,,,pinned
4,t3,57,Edit,177,0,1,0,,,pinned,,,pinned,,,pinned
4,t3,58,Bash,5,0,1,0,,,pinned,,,pinned,,,pinned
4,t4,1,Bash,5465,0,0,1,0.31,0.15,drop_call,0.23,0.35,drop_call,0.37,0.37,drop_call
4,t4,2,Bash,408,0,0,1,0.33,0.12,drop_call,0.16,0.37,drop_call,0.23,0.38,drop_call
4,t4,3,Bash,4129,0,0,1,0.4,0.12,drop_call,0.19,0.46,drop_call,0.25,0.49,drop_call
4,t4,4,Bash,1644,0,0,0,0.28,0.12,drop_call,0.17,0.31,drop_call,0.25,0.32,drop_call
4,t4,5,Bash,9327,0,0,0,0.28,0.13,drop_call,0.19,0.36,drop_call,0.32,0.37,drop_call
4,t4,6,Bash,7379,0,0,0,0.32,0.13,drop_call,0.19,0.36,drop_call,0.31,0.37,drop_call
4,t4,7,Bash,6952,0,0,0,0.34,0.15,drop_call,0.2,0.38,drop_call,0.29,0.41,drop_call
4,t4,8,Bash,14265,0,0,0,0.34,0.14,drop_call,0.22,0.36,drop_call,0.31,0.4,drop_call
4,t4,9,Bash,133,1,0,1,0.24,0.1,drop_call,0.12,0.27,drop_call,0.19,0.29,drop_call
4,t4,10,Bash,544,0,0,1,0.24,0.11,drop_call,0.15,0.29,drop_call,0.21,0.3,drop_call
4,t4,11,Bash,1644,0,0,1,0.24,0.18,drop_call,0.23,0.25,drop_call,0.33,0.29,drop_call
4,t4,12,Bash,1879,0,0,0,0.3,0.14,drop_call,0.2,0.32,drop_call,0.28,0.35,drop_call
4,t4,13,Bash,6727,0,0,0,0.35,0.14,drop_call,0.21,0.38,drop_call,0.31,0.4,drop_call
4,t4,14,Bash,1484,0,0,0,0.27,0.14,drop_call,0.2,0.29,drop_call,0.28,0.32,drop_call
4,t4,15,Bash,7107,0,0,0,0.3,0.14,drop_call,0.2,0.32,drop_call,0.31,0.35,drop_call
4,t4,16,Bash,1984,0,0,0,0.29,0.13,drop_call,0.19,0.34,drop_call,0.27,0.36,drop_call
4,t4,17,Bash,9,0,0,1,0.29,0.12,drop_call,0.15,0.33,drop_call,0.22,0.32,drop_call
4,t4,18,Bash,1,0,0,0,0.23,0.08,drop_call,0.12,0.27,drop_call,0.17,0.27,drop_call
4,t4,19,Bash,987,0,0,0,0.31,0.12,drop_call,0.17,0.39,drop_call,0.23,0.43,drop_call
4,t4,20,Bash,1441,0,0,0,0.3,0.13,drop_call,0.17,0.34,drop_call,0.22,0.33,drop_call
4,t4,21,Bash,150,0,0,0,0.24,0.11,drop_call,0.15,0.27,drop_call,0.22,0.27,drop_call
4,t4,22,Bash,179,0,0,1,0.29,0.14,drop_call,0.21,0.32,drop_call,0.29,0.36,drop_call
4,t4,23,Bash,1818,0,0,1,0.32,0.18,drop_call,0.25,0.34,drop_call,0.39,0.39,drop_call
4,t4,24,Bash,814,0,0,1,0.3,0.19,drop_call,0.23,0.29,drop_call,0.37,0.32,drop_call
4,t4,25,Bash,1195,0,0,0,0.27,0.17,drop_call,0.22,0.32,drop_call,0.31,0.34,drop_call
4,t4,26,Bash,1592,0,0,0,0.3,0.17,drop_call,0.23,0.34,drop_call,0.33,0.36,drop_call
4,t4,27,Bash,100,0,0,0,0.2,0.11,drop_call,0.12,0.21,drop_call,0.18,0.23,drop_call
4,t4,28,Bash,1939,0,0,0,0.31,0.15,drop_call,0.22,0.34,drop_call,0.29,0.39,drop_call
4,t4,29,Bash,3602,0,0,0,0.32,0.14,drop_call,0.2,0.36,drop_call,0.28,0.38,drop_call
4,t4,30,Bash,98,0,0,1,0.32,0.16,drop_call,0.19,0.32,drop_call,0.24,0.36,drop_call
4,t4,31,Bash,1182,0,0,0,0.28,0.15,drop_call,0.19,0.3,drop_call,0.27,0.31,drop_call
4,t4,32,Write,163,0,0,0,0.42,0.15,drop_call,0.22,0.48,drop_call,0.34,0.51,drop_result
4,t4,33,Bash,3234,0,0,1,0.26,0.2,drop_call,0.26,0.29,drop_call,0.36,0.29,drop_call
4,t4,34,Write,159,0,0,0,0.45,0.17,drop_call,0.24,0.46,drop_call,0.37,0.54,drop_result
4,t4,35,Bash,111,0,0,0,0.29,0.12,drop_call,0.15,0.32,drop_call,0.22,0.34,drop_call
4,t4,36,Bash,196,0,0,0,0.29,0.17,drop_call,0.22,0.34,drop_call,0.26,0.34,drop_call
4,t4,37,Bash,11203,0,0,1,0.32,0.23,drop_call,0.29,0.33,drop_call,0.38,0.34,drop_call
4,t4,38,Edit,103,0,0,0,0.43,0.16,drop_call,0.18,0.48,drop_call,0.28,0.47,drop_call
4,t4,39,Edit,103,0,0,0,0.42,0.19,drop_call,0.2,0.48,drop_call,0.32,0.49,drop_call
4,t4,40,Bash,1520,0,0,1,0.26,0.2,drop_call,0.23,0.32,drop_call,0.31,0.29,drop_call
4,t4,41,Bash,1362,0,0,0,0.24,0.16,drop_call,0.18,0.29,drop_call,0.25,0.28,drop_call
4,t4,42,Edit,107,0,0,0,0.4,0.16,drop_call,0.21,0.41,drop_call,0.3,0.45,drop_call
4,t4,43,Bash,182,0,0,0,0.27,0.18,drop_call,0.21,0.29,drop_call,0.31,0.3,drop_call
4,t4,44,Bash,82,0,0,0,0.25,0.14,drop_call,0.16,0.25,drop_call,0.27,0.26,drop_call
4,t4,45,Bash,75,0,0,0,0.26,0.15,drop_call,0.2,0.26,drop_call,0.29,0.3,drop_call
4,t4,46,Bash,31,0,0,0,0.24,0.16,drop_call,0.22,0.26,drop_call,0.34,0.27,drop_call
4,t4,47,Write,161,0,0,0,0.37,0.17,drop_call,0.21,0.38,drop_call,0.37,0.43,drop_call
4,t4,48,Bash,99,0,1,0,,,pinned,,,pinned,,,pinned
4,t4,49,Bash,455,0,1,0,,,pinned,,,pinned,,,pinned
4,t4,50,Bash,4521,0,1,0,,,pinned,,,pinned,,,pinned
4,t5,1,Read,5797,0,0,0,0.37,0.15,drop_call,0.23,0.44,drop_call,0.35,0.41,drop_call
4,t5,2,Bash,894,0,0,1,0.27,0.13,drop_call,0.17,0.32,drop_call,0.24,0.31,drop_call
4,t5,3,Bash,3904,0,0,1,0.24,0.11,drop_call,0.14,0.24,drop_call,0.18,0.26,drop_call
4,t5,4,Read,37083,0,0,0,0.33,0.14,drop_call,0.19,0.4,drop_call,0.28,0.43,drop_call
4,t5,5,Read,9457,0,0,0,0.3,0.13,drop_call,0.18,0.38,drop_call,0.3,0.4,drop_call
4,t5,6,Read,26094,0,0,0,0.32,0.13,drop_call,0.2,0.37,drop_call,0.28,0.41,drop_call
4,t5,7,Read,17472,0,0,0,0.28,0.13,drop_call,0.18,0.33,drop_call,0.26,0.32,drop_call
4,t5,8,Bash,3838,0,0,0,0.34,0.14,drop_call,0.19,0.4,drop_call,0.26,0.42,drop_call
4,t5,9,Bash,595,0,0,0,0.33,0.15,drop_call,0.22,0.43,drop_call,0.35,0.44,drop_call
4,t5,10,Bash,4454,0,0,0,0.34,0.17,drop_call,0.23,0.4,drop_call,0.33,0.41,drop_call
4,t5,11,Bash,758,0,0,0,0.33,0.15,drop_call,0.22,0.38,drop_call,0.32,0.41,drop_call
4,t5,12,Bash,1068,0,0,0,0.32,0.18,drop_call,0.25,0.39,drop_call,0.34,0.4,drop_call
4,t5,13,Bash,2067,0,0,0,0.32,0.16,drop_call,0.22,0.38,drop_call,0.31,0.38,drop_call
4,t5,14,Bash,10947,0,0,1,0.33,0.15,drop_call,0.21,0.34,drop_call,0.25,0.36,drop_call
4,t5,15,Bash,1408,0,0,0,0.27,0.12,drop_call,0.17,0.29,drop_call,0.22,0.3,drop_call
4,t5,16,Bash,4802,0,0,1,0.28,0.15,drop_call,0.19,0.31,drop_call,0.24,0.31,drop_call
4,t5,17,Bash,377,0,0,1,0.29,0.12,drop_call,0.16,0.31,drop_call,0.24,0.31,drop_call
4,t5,18,Bash,3334,1,0,1,0.42,0.17,drop_call,0.24,0.43,drop_call,0.29,0.45,drop_call
4,t5,19,Bash,35,0,0,1,0.23,0.12,drop_call,0.14,0.24,drop_call,0.21,0.26,drop_call
4,t5,20,Write,332,0,0,0,0.36,0.16,drop_call,0.21,0.44,drop_call,0.3,0.46,drop_call
4,t5,21,Bash,2972,1,0,0,0.33,0.18,drop_call,0.25,0.35,drop_call,0.31,0.34,drop_call
4,t5,22,Bash,983,0,0,1,0.32,0.19,drop_call,0.25,0.34,drop_call,0.32,0.36,drop_call
4,t5,23,Bash,2453,0,0,0,0.25,0.14,drop_call,0.18,0.29,drop_call,0.23,0.29,drop_call
4,t5,24,Bash,831,0,0,0,0.24,0.15,drop_call,0.2,0.27,drop_call,0.28,0.28,drop_call
4,t5,25,Bash,2208,0,0,0,0.29,0.14,drop_call,0.17,0.32,drop_call,0.27,0.33,drop_call
4,t5,26,Bash,2328,1,0,1,0.32,0.14,drop_call,0.17,0.39,drop_call,0.25,0.4,drop_call
4,t5,27,Write,333,0,0,0,0.34,0.15,drop_call,0.19,0.35,drop_call,0.28,0.39,drop_call
4,t5,28,Bash,486,0,0,1,0.23,0.11,drop_call,0.13,0.28,drop_call,0.2,0.26,drop_call
4,t5,29,Bash,1013,0,0,0,0.2,0.11,drop_call,0.14,0.2,drop_call,0.2,0.22,drop_call
4,t5,30,Read,4167,0,0,0,0.24,0.13,drop_call,0.15,0.26,drop_call,0.22,0.28,drop_call
4,t5,31,Write,343,0,0,0,0.29,0.15,drop_call,0.17,0.29,drop_call,0.23,0.29,drop_call
4,t5,32,Bash,345,0,0,0,0.2,0.11,drop_call,0.13,0.21,drop_call,0.18,0.21,drop_call
4,t5,33,Edit,277,0,0,0,0.23,0.12,drop_call,0.14,0.23,drop_call,0.21,0.23,drop_call
4,t5,34,Bash,58,0,0,0,0.27,0.12,drop_call,0.15,0.27,drop_call,0.21,0.28,drop_call
4,t5,35,Bash,3481,0,0,0,0.32,0.18,drop_call,0.23,0.34,drop_call,0.29,0.34,drop_call
4,t5,36,Write,330,0,0,0,0.33,0.17,drop_call,0.22,0.34,drop_call,0.3,0.36,drop_call
4,t5,37,Bash,102,0,0,0,0.2,0.09,drop_call,0.11,0.21,drop_call,0.16,0.2,drop_call
4,t5,38,Read,368,0,0,0,0.2,0.13,drop_call,0.13,0.21,drop_call,0.22,0.22,drop_call
4,t5,39,Edit,274,0,0,0,0.25,0.13,drop_call,0.17,0.25,drop_call,0.21,0.25,drop_call
4,t5,40,Bash,2419,0,0,0,0.29,0.17,drop_call,0.22,0.29,drop_call,0.31,0.3,drop_call
4,t5,41,Bash,452,0,0,1,0.29,0.19,drop_call,0.22,0.29,drop_call,0.33,0.28,drop_call
4,t5,42,Bash,530,0,0,0,0.26,0.19,drop_call,0.23,0.26,drop_call,0.32,0.26,drop_call
4,t5,43,ToolSearch,0,0,0,0,0.28,0.07,drop_call,0.09,0.31,drop_call,0.12,0.3,drop_call
4,t5,44,Bash,1577,0,0,0,0.21,0.15,drop_call,0.2,0.23,drop_call,0.22,0.23,drop_call
4,t5,45,mcp,1266,0,0,1,0.42,0.27,drop_call,0.3,0.44,drop_call,0.4,0.45,drop_call
4,t5,46,mcp,204,0,0,1,0.34,0.27,drop_call,0.31,0.36,drop_call,0.42,0.35,drop_call
4,t5,47,Bash,1753,0,0,0,0.32,0.18,drop_call,0.23,0.31,drop_call,0.33,0.31,drop_call
4,t5,48,Bash,5229,0,0,1,0.3,0.18,drop_call,0.24,0.29,drop_call,0.34,0.27,drop_call
4,t5,49,Bash,531,0,0,0,0.25,0.15,drop_call,0.19,0.25,drop_call,0.29,0.26,drop_call
4,t5,50,Write,160,0,1,0,,,pinned,,,pinned,,,pinned
4,t5,51,Bash,32,0,1,0,,,pinned,,,pinned,,,pinned
