round,transcript,fact,kind,call,result_chars,offset,needle_chars,upstream_action,upstream_kept,fork_heldout_kept,fork_final_kept,kept_nopremise,kept_noconj
0,t1,T1F1,error,31,118,0,13,drop_call,0,1,1,0,0
0,t1,T1F2,error,19,1292,779,20,drop_call,0,0,1,0,0
0,t1,T1F3,counter,19,1292,53,25,drop_call,0,1,1,0,0
0,t1,T1F4,counter,19,1292,134,27,drop_call,0,1,1,0,0
0,t1,T1F5,counter,11,14705,528,14,drop_call,0,0,1,0,0
0,t1,T1F6,counter,18,5273,53,20,drop_call,0,1,1,0,0
0,t1,T1F7,state,15,507,27,28,drop_call,0,1,1,0,0
0,t1,T1F8,counter,37,2444,9,37,drop_call,0,1,1,0,0
0,t1,T1F9,error,46,2898,2748,20,drop_call,0,0,1,0,0
0,t1,T1F10,counter,36,1586,640,34,drop_call,0,0,1,0,0
0,t1,T1F11,counter,42,356,44,39,drop_call,0,1,1,0,0
0,t1,T1F12,counter,50,641,2,23,pinned,1,1,1,1,1
0,t2,T2F1,error,5,321,272,49,drop_call,0,1,1,0,0
0,t2,T2F2,error,39,246,202,44,drop_call,0,1,1,0,0
0,t2,T2F3,error,52,86,41,41,drop_call,0,1,1,0,0
0,t2,T2F4,error,36,521,16,29,drop_call,0,1,1,0,0
0,t2,T2F5,counter,24,175,0,33,drop_call,0,1,1,0,0
0,t2,T2F6,timing,24,175,139,9,drop_call,0,1,1,0,0
0,t2,T2F7,counter,10,2320,359,21,drop_call,0,0,1,0,0
0,t2,T2F8,counter,37,4241,0,15,drop_call,0,1,1,0,0
0,t2,T2F9,id,44,700,342,20,drop_call,0,1,1,0,0
0,t2,T2F10,state,44,700,681,16,drop_call,0,1,1,0,0
0,t2,T2F11,counter,53,16256,280,38,drop_call,0,0,1,0,0
0,t2,T2F12,counter,55,7567,312,38,pinned,1,1,1,1,1
0,t2,T2F13,counter,57,10,0,10,pinned,1,1,1,1,1
0,t2,T2F14,counter,16,867,502,19,drop_call,0,1,1,0,0
0,t3,T3F1,id,2,313,25,23,drop_call,0,1,1,0,0
0,t3,T3F2,error,4,64,47,17,drop_call,0,1,1,0,0
0,t3,T3F3,counter,2,313,257,21,drop_call,0,1,1,0,0
0,t3,T3F4,error,9,130,30,21,drop_call,0,1,1,0,0
0,t3,T3F5,counter,14,423,319,25,drop_call,0,1,1,0,0
0,t3,T3F6,counter,13,727,9,24,drop_call,0,1,1,0,0
0,t3,T3F7,counter,24,898,40,22,drop_call,0,1,1,0,0
0,t3,T3F8,counter,34,780,604,14,drop_call,0,1,1,0,0
0,t3,T3F9,id,34,780,654,14,drop_call,0,0,1,0,0
0,t3,T3F10,id,21,9153,459,16,drop_call,0,0,1,0,0
0,t3,T3F11,port,21,9153,6572,34,drop_call,0,1,1,0,0
0,t3,T3F12,counter,22,5101,0,32,drop_call,0,1,1,0,0
0,t3,T3F13,counter,27,2276,367,23,drop_call,0,0,1,0,0
0,t3,T3F14,error,37,2935,2750,17,pinned,1,1,1,1,1
0,t4,T4F1,port,6,2135,2075,10,drop_call,0,1,1,0,0
0,t4,T4F2,network,6,2135,2120,15,drop_call,0,1,1,0,0
0,t4,T4F3,timing,13,735,188,17,drop_call,0,1,1,0,0
0,t4,T4F4,timing,13,735,442,12,drop_call,0,1,1,0,0
0,t4,T4F5,counter,8,393,0,13,drop_call,0,1,1,0,0
0,t4,T4F6,counter,17,45,0,36,pinned,1,1,1,1,1
0,t4,T4F7,timing,8,393,89,14,drop_call,0,1,1,0,0
0,t4,T4F8,error,10,407,0,7,drop_call,0,1,1,0,0
0,t4,T4F9,counter,15,719,0,6,drop_call,0,1,1,0,0
0,t4,T4F10,error,16,406,394,12,drop_call,0,1,1,0,0
1,t1,T1F1,error,1,280,16,45,drop_call,0,1,1,0,0
1,t1,T1F2,counter,13,2665,0,45,drop_call,0,1,1,0,0
1,t1,T1F3,counter,20,5188,147,25,drop_call,0,1,1,0,0
1,t1,T1F4,counter,21,5713,5374,53,drop_call,0,0,1,0,0
1,t1,T1F5,counter,21,5713,5553,48,drop_call,0,1,1,0,0
1,t1,T1F6,id,30,453,57,39,drop_call,0,1,1,0,0
1,t1,T1F7,id,38,1696,27,20,drop_call,0,0,1,0,0
1,t1,T1F8,id,38,1696,228,61,drop_call,0,0,1,0,0
1,t1,T1F9,timing,41,754,489,30,drop_call,0,1,1,0,0
1,t1,T1F10,state,41,754,685,69,drop_call,0,1,1,0,0
1,t1,T1F11,error,45,2482,2435,42,drop_call,0,1,1,0,0
1,t1,T1F12,error,48,1901,1778,41,drop_call,0,1,1,0,0
1,t1,T1F13,counter,51,428,186,58,pinned,1,1,1,1,1
1,t2,T2F1,counter,17,6808,6791,17,drop_call,0,1,1,0,0
1,t2,T2F2,counter,18,222,12,47,drop_call,0,1,1,0,0
1,t2,T2F3,state,25,2140,1835,54,drop_call,0,1,1,0,0
1,t2,T2F4,counter,26,3533,707,38,drop_call,0,0,1,0,0
1,t2,T2F5,state,28,3231,505,78,drop_call,0,0,1,0,0
1,t2,T2F6,error,29,495,254,63,drop_call,0,1,1,0,0
1,t2,T2F7,state,34,1635,605,70,drop_call,0,1,1,0,0
1,t2,T2F8,counter,34,1635,1134,47,drop_call,0,1,1,0,0
1,t2,T2F9,state,33,2096,728,35,drop_call,0,1,1,0,0
1,t2,T2F10,id,35,3620,1745,24,drop_call,0,1,1,0,0
1,t2,T2F11,state,38,730,43,70,drop_call,0,1,1,0,0
1,t2,T2F12,counter,39,757,28,27,drop_call,0,1,1,0,0
1,t2,T2F13,counter,43,23,11,12,pinned,1,1,1,1,1
1,t3,T3F1,error,2,7461,7281,62,drop_call,0,1,1,0,0
1,t3,T3F2,pid,3,7401,328,34,drop_call,0,1,1,0,0
1,t3,T3F3,error,4,1545,1350,73,drop_call,0,1,1,0,0
1,t3,T3F4,state,10,4577,4059,66,drop_call,0,0,1,0,0
1,t3,T3F5,pid,16,8880,1006,29,drop_call,0,1,1,0,0
1,t3,T3F6,error,17,602,0,48,drop_call,0,1,1,0,0
1,t3,T3F7,timing,18,92,28,27,drop_call,0,1,1,0,0
1,t3,T3F8,state,21,2246,976,66,drop_call,0,1,1,0,0
1,t3,T3F9,timing,26,86,33,52,drop_call,0,1,1,0,0
1,t3,T3F10,error,28,113,96,17,drop_call,0,1,1,0,0
1,t3,T3F11,counter,30,1618,1590,22,drop_call,0,1,1,0,0
1,t3,T3F12,counter,33,195,151,38,drop_call,0,1,1,0,0
1,t3,T3F13,pid,37,786,376,38,drop_call,0,1,1,0,0
1,t3,T3F14,network,45,227,0,45,drop_call,0,1,1,0,0
1,t4,T4F1,counter,3,530,0,8,drop_call,0,1,1,0,0
1,t4,T4F2,state,7,3756,3651,38,drop_call,0,1,1,0,0
1,t4,T4F3,state,7,3756,3720,36,drop_call,0,1,1,0,0
1,t4,T4F4,id,9,673,0,48,drop_call,0,1,1,0,0
1,t4,T4F5,id,12,302,0,31,drop_call,0,1,1,0,0
1,t4,T4F6,timing,13,787,50,9,pinned,1,1,1,1,1
1,t4,T4F7,counter,13,787,216,66,pinned,1,1,1,1,1
1,t4,T4F8,counter,13,787,420,66,pinned,1,1,1,1,1
1,t4,T4F9,state,13,787,745,42,pinned,1,1,1,1,1
1,t4,T4F10,state,15,753,12,36,pinned,1,1,1,1,1
2,t1,T1F1,error,33,293,116,72,drop_call,0,1,1,0,0
2,t1,T1F2,state,33,293,70,6,drop_call,0,1,1,0,0
2,t1,T1F3,timing,18,721,0,48,drop_call,0,0,1,0,0
2,t1,T1F4,id,18,721,81,15,drop_call,0,0,1,0,0
2,t1,T1F5,state,19,623,12,36,drop_call,0,1,1,0,0
2,t1,T1F6,error,38,703,658,45,drop_call,0,1,1,0,0
2,t1,T1F7,error,56,754,151,22,drop_call,0,1,1,0,0
2,t1,T1F8,counter,59,55,0,55,pinned,1,1,1,1,1
2,t1,T1F9,error,3,5478,3743,70,drop_call,0,1,1,0,0
2,t1,T1F10,error,17,4641,4568,73,drop_call,0,1,1,0,0
2,t1,T1F11,state,17,4641,4514,52,drop_call,0,1,1,0,0
2,t1,T1F12,counter,14,6951,0,13,drop_call,0,1,1,0,0
2,t1,T1F13,state,32,3976,3949,27,drop_call,0,1,1,0,0
2,t2,T2F1,counter,27,314,0,42,pinned,1,1,1,1,1
2,t2,T2F2,counter,26,7144,0,45,pinned,1,1,1,1,1
2,t2,T2F3,state,26,7144,6923,70,pinned,1,1,1,1,1
2,t2,T2F4,counter,11,7713,0,24,drop_call,0,1,1,0,0
2,t2,T2F5,counter,15,2016,661,38,drop_call,0,1,1,0,0
2,t2,T2F6,counter,28,79,0,9,pinned,1,1,1,1,1
2,t2,T2F7,error,28,79,11,68,pinned,1,1,1,1,1
2,t2,T2F8,error,24,86,12,70,drop_call,0,1,1,0,0
2,t2,T2F9,error,22,446,399,45,drop_call,0,1,1,0,0
2,t2,T2F10,state,7,12820,0,31,drop_call,0,1,1,0,0
2,t2,T2F11,error,20,2007,0,78,drop_call,0,1,1,0,0
2,t2,T2F12,error,9,909,792,79,drop_call,0,0,1,0,0
2,t2,T2F13,state,17,17087,8922,59,drop_call,0,0,1,0,0
2,t2,T2F14,state,21,604,535,69,drop_call,0,0,1,0,0
2,t3,T3F1,error,15,297,236,61,drop_call,0,1,1,0,0
2,t3,T3F2,id,22,33,0,16,drop_call,0,1,1,0,0
2,t3,T3F3,counter,25,1185,1168,17,drop_call,0,1,1,0,0
2,t3,T3F4,error,25,1185,79,61,drop_call,0,1,1,0,0
2,t3,T3F5,counter,28,124,10,19,drop_call,0,1,1,0,0
2,t3,T3F6,counter,31,1817,521,52,drop_call,0,1,1,0,0
2,t3,T3F7,error,35,648,0,35,drop_call,0,1,1,0,0
2,t3,T3F8,state,35,648,435,54,drop_call,0,1,1,0,0
2,t3,T3F9,counter,39,1583,104,63,drop_call,0,1,1,0,0
2,t3,T3F10,counter,40,459,287,44,drop_call,0,1,1,0,0
2,t3,T3F11,pid,42,243,134,24,drop_call,0,1,1,0,0
2,t3,T3F12,pid,43,138,0,17,drop_call,0,1,1,0,0
2,t3,T3F13,state,41,3415,168,32,drop_call,0,1,1,0,0
2,t3,T3F14,counter,8,4390,4092,40,drop_call,0,1,1,0,0
2,t3,T3F15,counter,16,2978,2100,6,drop_call,0,1,1,0,0
2,t4,T4F1,state,6,8347,0,49,drop_call,0,1,1,0,0
2,t4,T4F2,counter,13,8060,7855,60,drop_call,0,0,1,0,0
2,t4,T4F3,counter,39,6812,42,76,drop_call,0,1,1,0,0
2,t4,T4F4,state,12,7097,3484,63,drop_call,0,0,1,0,0
2,t4,T4F5,counter,42,8847,4168,63,drop_call,0,1,1,0,0
2,t4,T4F6,pid,24,12,0,12,drop_call,0,1,1,0,0
2,t4,T4F7,counter,38,283,235,21,drop_call,0,1,1,0,0
2,t4,T4F8,state,37,454,430,24,drop_call,0,1,1,0,0
2,t4,T4F9,error,47,401,334,61,drop_call,0,1,1,0,0
2,t4,T4F10,id,52,32,0,21,drop_call,0,1,1,0,0
2,t4,T4F11,counter,53,652,459,68,drop_call,0,1,1,0,0
2,t4,T4F12,error,56,893,804,51,drop_call,0,1,1,0,0
2,t4,T4F13,network,32,684,0,56,drop_call,0,1,1,0,0
2,t4,T4F14,port,32,684,84,26,drop_call,0,1,1,0,0
2,t4,T4F15,counter,60,18,0,15,pinned,1,1,1,1,1
3,t1,T1F1,error,3,9626,4802,73,drop_call,0,1,1,0,0
3,t1,T1F2,error,3,9626,9412,71,drop_call,0,1,1,0,0
3,t1,T1F3,state,4,1895,1864,31,drop_call,0,0,1,0,0
3,t1,T1F4,state,4,1895,69,32,drop_call,0,0,1,0,0
3,t1,T1F5,id,9,2078,298,26,drop_call,0,1,1,0,0
3,t1,T1F6,counter,9,2078,19,25,drop_call,0,1,1,0,0
3,t1,T1F7,counter,36,1909,167,11,drop_call,0,1,1,0,0
3,t1,T1F8,counter,15,5007,61,68,drop_call,0,1,1,0,0
3,t1,T1F9,counter,38,3496,1906,64,drop_call,0,1,1,0,0
3,t1,T1F10,state,41,164,83,54,pinned,1,1,1,1,1
3,t1,T1F11,counter,42,63,0,55,pinned,1,1,1,1,1
3,t2,T2F1,error,3,9745,388,75,drop_call,0,1,1,0,0
3,t2,T2F2,error,3,9745,9578,77,drop_call,0,1,1,0,0
3,t2,T2F3,counter,3,9745,69,33,drop_call,0,1,1,0,0
3,t2,T2F4,counter,32,179,0,49,drop_call,0,1,1,0,0
3,t2,T2F5,counter,37,1637,378,21,drop_call,0,1,1,0,0
3,t2,T2F6,counter,37,1637,1183,20,drop_call,0,1,1,0,0
3,t2,T2F7,counter,30,1890,1656,46,drop_call,0,0,1,0,0
3,t2,T2F8,state,29,2730,254,32,drop_call,0,0,1,0,0
3,t2,T2F9,state,29,2730,357,30,drop_call,0,0,1,0,0
3,t2,T2F10,state,55,769,151,55,pinned,1,1,1,1,1
3,t2,T2F11,error,55,769,257,22,pinned,1,1,1,1,1
3,t2,T2F12,state,56,164,83,54,pinned,1,1,1,1,1
3,t2,T2F13,counter,57,55,0,55,pinned,1,1,1,1,1
3,t3,T3F1,id,10,848,732,36,drop_call,0,1,1,0,0
3,t3,T3F2,id,2,8029,7743,64,drop_call,0,1,1,0,0
3,t3,T3F3,state,3,5372,5314,27,drop_call,0,1,1,0,0
3,t3,T3F4,counter,26,1140,195,18,drop_call,0,1,1,0,0
3,t3,T3F5,id,25,4586,1847,61,drop_call,0,1,1,0,0
3,t3,T3F6,state,30,590,29,42,drop_call,0,1,1,0,0
3,t3,T3F7,id,30,590,149,20,drop_call,0,1,1,0,0
3,t3,T3F8,state,31,4473,1866,31,drop_call,0,1,1,0,0
3,t3,T3F9,error,35,162,22,66,drop_call,0,1,1,0,0
3,t3,T3F10,counter,40,1009,982,27,drop_call,0,1,1,0,0
3,t3,T3F11,counter,42,1424,1395,29,drop_call,0,1,1,0,0
3,t3,T3F12,counter,43,412,371,41,drop_call,0,1,1,0,0
3,t3,T3F13,counter,46,303,60,25,drop_call,0,1,1,0,0
3,t3,T3F14,counter,47,170,11,42,drop_call,0,1,1,0,0
3,t3,T3F15,counter,50,15,0,15,pinned,1,1,1,1,1
3,t4,T4F1,id,10,69,8,58,drop_call,0,1,1,0,0
3,t4,T4F2,pid,11,126,11,16,drop_call,0,1,1,0,0
3,t4,T4F3,state,12,1399,799,60,drop_call,0,1,1,0,0
3,t4,T4F4,error,17,640,13,67,drop_call,0,1,1,0,0
3,t4,T4F5,timing,21,762,180,14,drop_call,0,1,1,0,0
3,t4,T4F6,counter,22,1116,848,77,drop_call,0,1,1,0,0
3,t4,T4F7,timing,23,488,0,15,drop_call,0,1,1,0,0
3,t4,T4F8,id,33,673,0,48,drop_call,0,1,1,0,0
3,t4,T4F9,timing,34,602,167,35,drop_call,0,1,1,0,0
3,t4,T4F10,pid,36,233,140,25,drop_call,0,1,1,0,0
3,t4,T4F11,id,39,302,0,31,drop_call,0,1,1,0,0
3,t4,T4F12,counter,45,409,311,65,drop_call,0,1,1,0,0
3,t4,T4F13,counter,46,1434,372,48,drop_call,0,1,1,0,0
3,t4,T4F14,counter,51,480,0,26,drop_call,0,1,1,0,0
3,t4,T4F15,id,25,2286,1160,64,drop_call,0,1,1,0,0
4,t1,T1F1,error,34,2381,33,77,drop_call,0,1,1,0,0
4,t1,T1F2,state,34,2381,111,68,drop_call,0,1,1,0,0
4,t1,T1F3,counter,34,2381,499,49,drop_call,0,1,1,0,0
4,t1,T1F4,error,56,1980,392,64,pinned,1,1,1,1,1
4,t1,T1F5,counter,56,1980,1053,53,pinned,1,1,1,1,1
4,t1,T1F6,error,56,1980,1547,57,pinned,1,1,1,1,1
4,t1,T1F7,counter,2,2116,509,26,drop_call,0,1,1,0,0
4,t1,T1F8,counter,7,7688,63,38,drop_call,0,1,1,0,0
4,t1,T1F9,counter,19,3172,397,48,drop_call,0,1,1,0,0
4,t1,T1F10,state,48,1956,204,45,drop_call,0,1,1,0,0
4,t1,T1F11,counter,32,3340,0,20,drop_call,0,1,1,0,0
4,t1,T1F12,counter,37,2905,27,42,drop_call,0,1,1,0,0
4,t1,T1F13,counter,51,1145,39,31,drop_call,0,1,1,0,0
4,t1,T1F14,counter,24,4920,0,11,drop_call,0,0,0,0,0
4,t1,T1F15,network,58,61,0,61,pinned,1,1,1,1,1
4,t2,T2F1,counter,11,1436,31,52,drop_call,0,1,1,0,0
4,t2,T2F2,counter,22,177,19,66,drop_call,0,1,1,0,0
4,t2,T2F3,timing,22,177,136,14,drop_call,0,1,1,0,0
4,t2,T2F4,error,12,2553,2509,44,drop_call,0,1,1,0,0
4,t2,T2F5,counter,24,28927,19,53,drop_call,0,1,1,0,0
4,t2,T2F6,state,24,28927,13212,59,drop_call,0,0,0,0,0
4,t2,T2F7,counter,30,14077,247,66,drop_call,0,1,1,0,0
4,t2,T2F8,state,30,14077,6631,74,drop_call,0,1,1,0,0
4,t2,T2F9,timing,26,7708,3655,58,drop_call,0,1,1,0,0
4,t2,T2F10,counter,47,224,167,51,drop_call,0,1,1,0,0
4,t2,T2F11,counter,44,1072,607,60,drop_call,0,1,1,0,0
4,t2,T2F12,counter,50,1551,165,70,pinned,1,1,1,1,1
4,t2,T2F13,timing,50,1551,396,78,pinned,1,1,1,1,1
4,t2,T2F14,id,8,11102,9845,79,drop_result,0,0,0,0,0
4,t2,T2F15,counter,52,1207,93,42,pinned,1,1,1,1,1
4,t3,T3F1,network,3,744,69,74,drop_call,0,1,1,0,1
4,t3,T3F2,network,4,653,157,74,drop_call,0,1,1,0,0
4,t3,T3F3,state,9,1598,142,59,drop_call,0,1,1,0,0
4,t3,T3F4,id,10,6374,358,62,drop_call,0,1,1,0,0
4,t3,T3F5,counter,10,6374,5685,43,drop_call,0,1,1,0,0
4,t3,T3F6,error,46,111,12,44,drop_call,0,1,1,0,0
4,t3,T3F7,counter,11,1622,338,50,drop_call,0,1,1,0,0
4,t3,T3F8,id,23,346,283,48,drop_call,0,1,1,0,0
4,t3,T3F9,id,31,721,57,39,drop_call,0,1,1,0,0
4,t3,T3F10,state,35,1025,0,58,drop_call,0,1,1,0,0
4,t3,T3F11,state,35,1025,962,63,drop_call,0,1,1,0,0
4,t3,T3F12,state,47,2248,1091,53,drop_call,0,1,1,0,0
4,t3,T3F13,state,48,1100,349,64,drop_call,0,1,1,0,0
4,t3,T3F14,state,52,4398,0,50,drop_call,0,1,1,0,0
4,t3,T3F15,error,56,2348,2056,57,pinned,1,1,1,1,1
4,t4,T4F1,state,2,408,147,66,drop_call,0,1,1,0,0
4,t4,T4F2,state,1,5465,5356,37,drop_call,0,0,0,0,0
4,t4,T4F3,counter,3,4129,3891,41,drop_call,0,1,1,0,0
4,t4,T4F4,network,11,1644,15,31,drop_call,0,1,1,0,0
4,t4,T4F5,network,11,1644,744,29,drop_call,0,1,1,0,0
4,t4,T4F6,error,9,133,0,13,drop_call,0,1,1,0,0
4,t4,T4F7,error,10,544,7,21,drop_call,0,1,1,0,0
4,t4,T4F8,counter,17,9,0,9,drop_call,0,1,1,0,0
4,t4,T4F9,timing,22,179,161,18,drop_call,0,1,1,0,0
4,t4,T4F10,error,23,1818,1755,63,drop_call,0,1,1,0,0
4,t4,T4F11,error,24,814,751,63,drop_call,0,1,1,0,0
4,t4,T4F12,timing,30,98,80,18,drop_call,0,1,1,0,0
4,t4,T4F13,counter,33,3234,1773,51,drop_call,0,1,1,0,0
4,t4,T4F14,id,37,11203,652,49,drop_call,0,1,1,0,0
4,t4,T4F15,timing,40,1520,178,18,drop_call,0,1,1,0,0
4,t5,T5F1,state,2,894,0,65,drop_call,0,1,1,0,0
4,t5,T5F2,id,3,3904,1567,55,drop_call,0,1,1,0,0
4,t5,T5F3,counter,18,3334,3235,53,drop_call,0,1,1,0,0
4,t5,T5F4,network,45,1266,101,22,drop_call,0,1,1,0,0
4,t5,T5F5,counter,19,35,0,35,drop_call,0,1,1,0,0
4,t5,T5F6,state,16,4802,4644,75,drop_call,0,1,1,0,0
4,t5,T5F7,state,17,377,0,79,drop_call,0,1,1,0,0
4,t5,T5F8,pid,22,983,915,68,drop_call,0,1,1,0,0
4,t5,T5F9,counter,22,983,774,50,drop_call,0,1,1,0,0
4,t5,T5F10,error,26,2328,2259,69,drop_call,0,1,1,0,0
4,t5,T5F11,error,28,486,336,73,drop_call,0,1,1,0,0
4,t5,T5F12,id,14,10947,4837,28,drop_call,0,0,0,0,0
4,t5,T5F13,network,46,204,19,53,drop_call,0,1,1,0,0
4,t5,T5F14,counter,41,452,117,38,drop_call,0,1,1,0,0
4,t5,T5F15,timing,48,5229,2406,25,drop_call,0,1,1,0,0
